team_name,AdjO,AdjD,SOS AdjO,SOS Adj D,eFG%,TOV%,ORB%,FTR,Hgt,%2P,%3P,%FT,Tempo,Blk%,Stl%,Def %FT,Def %2P,Def %3P,NST%,A%,3PA%,HomeAdvantage
Duke,129.1,89.7,112.6,103.8,57.6,14.1,35.8,25.9,79.8,44.8,37.5,17.7,68.3,9.8,7.9,17.5,50,32.6,6.2,59.3,45.5,5.36
Auburn,130.7,94.2,117.3,98.9,56.1,13.3,35.1,39.1,78.4,48.5,33.1,18.4,66.8,7.7,8.7,23.8,50.6,25.6,4.5,54.8,40.8,5.36
Houston,124.2,89.2,113.2,100.5,52.7,14.6,36.9,35.6,76.9,52.1,32.1,15.8,69.7,6.5,7.5,21.5,42.8,35.7,7.1,46.2,33.8,5.36
Florida,127.1,92.8,113.9,101.1,54.4,15,38,31.6,77.8,48.1,34.8,17.2,71.4,8.9,8.7,19.8,51.1,29.1,6.2,52.4,43.3,5.36
Tennessee,119.2,88,116.8,101.7,52.6,16.3,35.7,27.9,77.1,46.4,34.6,19,68.6,9.4,9,18.8,46.3,34.9,7.2,60.6,43.2,5.36
Alabama,127.3,98.1,117.9,99.5,56.5,16.9,35.6,33.3,78.1,44.8,34.6,20.6,72.1,12.3,10.4,20,53.3,26.8,6.5,54.6,46.7,5.36
Texas Tech,124.8,97.2,111.6,101.3,55.8,15.4,34.2,33.2,76.6,45.9,37.3,16.8,62.2,7.9,9.3,19.2,52.8,28,6.1,58.5,44,5.36
Gonzaga,125.1,97.8,111.3,104.7,56.4,13.5,33.2,28.8,77.3,55.8,26.2,18,66.1,8.2,7.4,18.1,49.8,32.1,6.1,61.9,34,5.36
Michigan St.,118.5,91.5,114.4,101.8,51.2,16.7,35.9,32,78,55.6,22.2,22.2,69.2,7.9,8.7,20,49.5,30.5,7.9,62,32.6,5.36
Wisconsin,123.8,97.1,114.5,101.5,54.7,14.4,28.3,26.9,78,43.1,36.3,20.5,71.1,10.7,7.2,16.7,50.3,33.1,7.2,54.3,47.5,5.36
Iowa St.,118.7,92.7,113.5,101.6,53.9,16.8,32.4,28.6,77.9,50.4,27.7,21.9,66.3,9.1,10.3,18.1,48.5,33.4,6.4,54.1,36.4,5.36
Maryland,118,92.7,113.4,103.2,54.2,14.7,31,25.7,77.5,51.9,29.8,18.2,0,5.7,7.1,16.6,53.8,29.6,7.6,49.8,35.8,5.36
Arizona,121.6,96.4,115,100.2,52.6,16.4,36.9,29.4,78,53.5,24.9,21.6,65.1,6.4,9.4,18,46.6,35.4,7.1,59,35.3,5.36
Purdue,124.7,99.6,116.1,100.3,57,15.8,30.4,31,77.2,50.1,31.8,18.1,70.5,8.8,9.1,17.8,51,31.2,6.7,58.2,38.2,5.36
Missouri,126.3,101.3,113.1,101.4,56.7,15.2,33.4,34.1,78.3,44.8,31.8,23.4,65.2,10.3,9.1,20.6,49.7,29.8,6.1,50.1,42.1,5.36
Kentucky,125.1,100.2,116.6,99.6,56.3,15.1,29.1,31.1,78.5,47.3,34.2,18.5,66.6,8,8.4,18.3,49.3,32.4,6.6,57,42.2,5.36
St. John's,113.7,89,111.6,103.5,49.5,15.8,37.8,30.5,78.2,59,23.1,17.9,67.6,8.5,9.5,18.3,47.4,34.3,6.3,53.7,30.8,5.36
Illinois,121.9,97.4,115.4,99.5,52.3,15.7,35.6,26.9,78.8,46.4,33.6,20,69.6,8.6,8.5,17.1,56.9,25.9,7.2,51.7,47.3,5.36
Clemson,120.9,96.6,112.1,103.9,54.6,15.5,33.7,27.5,77.9,49.1,34.5,16.5,70.4,8,9,16.2,51.7,32.1,6.5,53.5,39,5.36
Texas A&M,116.9,92.8,116.2,99.7,47.7,18.2,42.2,34.8,77.5,48.9,28.1,23,67.2,14.5,11.7,21.7,39.8,38.5,6.6,48.5,37.6,5.36
Saint Mary's,117,93.3,111.4,106,51.2,14.8,40.2,25.5,78.4,54.8,27.7,17.5,67.7,7.3,8,17.1,55.8,27.1,6.8,58,33.8,5.36
Kansas,115.3,91.7,114.8,99.8,53.1,16.9,29.8,27.2,77.9,58,28,14,67,8.7,10.7,17.7,48.7,33.6,6.1,60.7,33.8,5.36
BYU,123.1,100.3,111.9,101.5,57.6,17.7,33.5,29.9,78.4,45.2,39.5,15.3,69.8,7.9,9.5,17.3,45.4,37.3,8.2,59.2,48,5.36
Louisville,118.7,96.2,113,103.4,53.8,16.4,32,26.6,77.9,43.4,36.9,19.7,70.9,9.3,9.2,16,50.2,33.8,7.2,52.6,49.2,5.36
mi,119,96.6,114.8,100.3,51.8,12.6,25.3,39.5,76.2,47.3,32.5,20.2,71,11.4,8.2,21.8,44.7,33.3,4.4,55.2,40.5,5.36
Marquette,117.9,95.6,113.4,101.9,52.1,13.3,30.7,29.9,78.3,48.1,36.5,15.4,68.7,9.4,8.1,17.9,50.1,31.9,5.2,50.3,46.3,5.36
UCLA,116.7,94.9,114,101.7,52.9,16.1,32.7,35,78.1,52.8,29,18.2,67,6.8,8.6,20.8,45.2,33.9,7.6,59.9,35.7,5.36
Michigan,116.4,95.4,114.1,100.8,55.4,20.1,33.4,27.6,79.1,49.3,32.1,18.6,63.8,7.1,10.6,17.4,50.4,32.2,9.6,57.6,42.4,5.36
VCU,116.9,96.4,107.6,106.6,52.7,16.7,36.9,36.7,78,44.2,37.4,18.5,63.5,7.3,9.7,22.6,49.4,28,7,56.7,47.2,5.36
Baylor,120.9,100.5,113.7,98.7,52,16.6,35.5,34.1,77,48,33.5,18.5,67.5,11.6,9,18.7,47.3,34,7.7,54,40.6,5.36
Oregon,117.6,97.8,114.9,101,52.1,15.9,31.1,27,77.5,49.6,30.8,19.6,69.1,9.2,8.7,16.7,52.6,30.8,7.2,54.5,38.7,5.36
Mississippi St.,118.2,98.5,115.6,101,51.7,15.5,34.6,34.2,77.2,51.3,30.9,17.8,66.8,8.5,8.9,18.6,43,38.3,6.6,53.9,41.8,5.36
Georgia,115.9,96.5,114.1,100.4,52.5,18.9,36.1,29.8,78.9,51.6,27.2,21.2,66.3,9.6,11.9,19,49.4,31.6,7.1,48.4,36.5,5.36
Ohio St.,119,99.6,115.1,100.7,54,15.6,28.9,40,76.8,48.8,31.1,20.1,67.5,8.7,6,23.7,49.6,26.7,9.6,47.8,37.4,5.36
Creighton,116.5,97.9,112.5,101,55.9,18.4,26,17.6,78.9,46,37.8,16.3,65.6,10.9,12,12.1,55.8,32.1,6.4,64,49.4,5.36
Connecticut,122.3,103.7,112.7,102.3,55.4,17,35.5,39.9,78.2,48.3,33.5,18.2,70,9.1,8.6,23.2,48.3,28.6,8.4,64.8,42.7,5.36
North Carolina,119.8,101.4,113.5,102.4,54.8,15.3,29.7,29.9,76.4,52.2,28.7,19.1,62.7,10.3,8.5,18.4,49.5,32.1,6.7,50.9,36.6,5.36
UC San Diego,115.5,97.7,106.3,108.4,55.5,13.3,25.7,30.2,77.6,41.8,39.8,18.4,64.5,9.8,6.7,18.8,44.2,37,6.6,56.4,49.4,5.36
Arkansas,112,94.3,115.3,101.6,52.5,16.5,27.1,29.3,78.6,52.7,27.9,19.4,72.5,6.9,9.4,18.1,50.2,31.8,7.1,52.8,36.5,5.36
New Mexico,113.5,95.9,109.7,103.2,51.3,15.8,31.3,35.4,78.5,53.7,25.8,20.4,72.7,9.6,9.5,19.1,48.9,31.9,6.3,51.7,32.5,5.36
Oklahoma,119.1,101.8,114.5,100.6,55.1,17.8,27.3,36,77.2,45.2,32.5,22.2,69.8,10.6,10.5,20.6,50,29.5,7.3,52.3,41.8,5.36
Xavier,115.4,98.2,111.6,102.1,53.7,16.1,25.1,28.7,77.3,46.8,31.6,21.6,69,11.8,8.3,17.1,53.2,29.7,7.8,63.6,37.4,5.36
Vanderbilt,119.2,102.2,114,101.4,52.1,14.6,32.3,37.2,76.5,49.8,30.9,19.4,67.7,11.3,8.1,20.1,48.3,31.5,6.5,50.5,40.2,5.36
Texas,116.7,99.8,114.2,101,53,14.6,29.8,37.1,78,50.6,29.5,19.9,67.5,7.8,8.3,21.1,49.4,29.5,6.3,48.5,36,5.36
Indiana,115,98.6,114.9,101.7,51.9,16.8,31.3,29.7,78.9,55.9,25.7,18.4,0,8.3,9.6,17.8,51,31.2,7.2,57.6,33.5,5.36
Northwestern,114.9,98.5,113.8,102.2,50.2,14.4,31.4,35.7,78.3,53.4,28.3,18.3,70,8.7,7.9,20.9,47.8,31.2,6.6,55.2,34,5.36
San Diego St.,110.4,94.1,111.7,103,50.4,16.9,30.3,36.9,78.2,51.3,31,17.6,68.4,8.5,9,22.1,41.1,36.8,7.9,49.9,38.9,5.36
Memphis,114.1,98.1,112,105.3,54.3,19.3,34,32.9,76.4,50.8,29,20.2,66,9.4,10.7,19.3,48.3,32.4,8.6,51.8,33.9,5.36
SMU,118.6,102.6,110.7,105.1,55.1,17,37.6,31.9,78.2,51,29.7,19.3,71.1,10.1,9.1,19.9,45.7,34.4,7.9,55.4,35.3,5.36
Nebraska,114.3,98.3,114.3,101.6,52,16.5,26.8,27,78.3,50.5,29,20.5,67.7,8.9,8.4,15.9,44.9,39.2,8,52.3,38.4,5.36
Boise St.,116.8,100.8,109.4,104,52.6,16.7,33.1,31,78,48.3,29,22.7,67.4,10.1,7.9,17.8,52.2,30,8.7,56.4,41.7,5.36
Colorado St.,116.4,100.5,109.4,104.1,55.6,17.5,26.8,33.3,77.1,48.2,34.1,17.6,66.2,8.2,9,18.8,49.9,31.4,8.4,62.9,42.9,5.36
West Virginia,110.3,94.4,113.7,99.7,50.1,15.8,25.2,32,77.3,46.4,37.9,15.7,67.6,9.1,8.1,20.4,51.8,27.8,7.7,56.3,46,5.36
Cincinnati,111.5,95.8,113,101.6,51.4,15.1,32.4,24,78.6,55.5,31.2,13.3,69.1,8.3,8.6,16.1,55,29,6.6,50.5,37.8,5.36
Santa Clara,116.8,101.6,110.3,105.3,55.7,16.9,32.6,32.4,78.4,44.3,39.8,15.9,68.9,10.9,8.5,19.2,50.9,30,8.4,58.6,46.5,5.36
Villanova,119.9,104.8,110.9,102.9,55.3,15.5,30.3,30.5,77.3,44,39.4,16.6,68.4,8.3,8.1,17.2,43.4,39.3,7.4,49.6,43.8,5.36
Utah St.,120.9,106.2,109.6,103.6,56.2,15.9,33.8,33.8,77.3,48.6,32.2,19.2,68.9,9.7,10.1,19.1,45.8,35.1,5.8,61.8,41.3,5.36
Pittsburgh,116.5,102.9,113.1,103.4,52.4,14.8,28.6,32.8,78.5,46.8,32.7,20.4,69.5,7.9,8,18.8,46.3,34.8,6.8,50.8,41.2,5.36
McNeese,114.7,101.2,105.7,107.5,53.2,16.5,35.7,32.1,77,51.4,29.9,18.7,66.2,8.9,9.6,19.2,42.3,38.5,6.9,50.2,36.7,5.36
USC,117.1,103.7,113.5,102,54.7,17.2,27.4,35.7,78.4,52.4,27.8,19.8,66.4,9.3,9.7,20.7,50.4,29,7.4,57.2,34.3,5.36
Drake,113.7,100.3,107.6,108.1,54.2,18.7,36.4,36.8,77.3,50.1,28.2,21.6,70.1,7.6,8.4,20.4,51.2,28.4,10.2,54.5,36.8,5.36
Kansas St.,111,98.1,112.4,99.9,51.1,17.6,29.8,28.5,77.3,50.8,33.6,15.6,71.3,10.3,9.8,17.6,54.2,28.2,7.8,59.5,40.3,5.36
North Texas,110.7,98.3,109.1,107.8,52.6,17.5,32.8,38.1,77.2,47.6,31.3,21.1,68.3,9,10,23.5,48.7,27.9,7.4,45.5,37.9,5.36
San Francisco,112.2,99.8,109.7,106.5,53.2,16.8,28.6,35.4,77.5,46.7,34,19.3,69.4,7.8,9.4,20.4,55.1,24.5,7.5,52.2,44.1,5.36
UC Irvine,106.5,94.1,107.3,106.9,51.2,18.4,28.3,22.2,77,49.8,27.9,22.2,68.2,6.9,9.3,15.2,51.1,33.7,9.1,60.9,35,5.36
Penn St.,114.5,102.1,112.2,103.4,53.7,17.4,29,29.6,78.1,52.1,26.8,21.2,70.4,8.8,10.5,16.9,50.9,32.1,7,57.4,36.2,5.36
Arizona St.,113.7,101.4,114.9,99.3,52.1,17.8,25.4,31.5,78.2,43.7,36.4,19.9,65.5,11.3,10.9,19.1,49.5,31.4,6.9,51.8,43.2,5.36
Liberty,109.8,98.3,106.5,106.1,57.1,15.6,18.7,25.4,75.7,44.5,40,15.6,71.8,8.8,9.1,17.2,57.8,25,6.5,60.4,47.3,5.36
Utah,113.5,102.1,111.9,101.9,52.4,18,34,32.6,79.5,47.5,33.8,18.6,67.5,13.5,10.5,19.2,47.1,33.7,7.5,67.2,43.7,5.36
Saint Joseph's,112.1,100.8,106.9,106.3,53.2,16.7,29.5,25.9,77.4,45.1,36.8,18.1,71.2,8.5,9.8,17.2,54.4,28.4,6.9,57.6,46.1,5.36
South Carolina,110.5,99.2,115.3,101.4,49.2,18.6,30.2,30.2,77.6,47.6,28.3,24.1,72.5,13.8,11.8,17.4,53.4,29.2,6.8,54.7,38.2,5.36
Dayton,116.9,105.7,108.8,104,53,15.6,30,30.2,76.2,46.3,32,21.7,68.1,10.1,9,18.2,48.7,33.1,6.6,59.6,40.4,5.36
Iowa,118.5,107.3,113.6,102.2,56.3,14,25.4,27.2,78.1,50.4,35.3,14.3,69.3,7.9,8.6,14.7,53.9,31.4,5.4,60.1,41.1,5.36
Yale,115.7,104.7,106.7,109.6,54.9,14.8,34.1,29.6,77.8,55.2,27.2,17.5,66.6,7.2,8.4,18.8,41.1,40.1,6.3,54.4,31.8,5.36
Butler,116.6,105.7,112.4,101.7,53.4,16.9,27,22,78.8,45.2,33.2,21.6,70.9,10.5,10.3,14.5,56.3,29.2,6.6,56.9,40.8,5.36
Rutgers,116.3,105.4,114.3,100.5,50.9,15.5,30.8,29.6,78.7,50.7,28.8,20.5,65.4,8.9,8.1,16.3,51.8,32,7.4,47.8,36.5,5.36
Nevada,113.3,102.8,109.7,104.5,54.5,15.7,27.4,37.5,79,51.6,29.2,19.3,0,7.5,8.7,21.1,41.7,37.2,7,59.7,36.9,5.36
UCF,115.4,104.9,111.9,100.4,48.8,16.8,32.8,31.3,78.1,45.4,32.1,22.5,65.8,10.2,10,18.4,52.8,28.9,6.9,52.8,40.9,5.36
Wake Forest,109.2,98.8,112,103.4,50,16.8,26.8,31.1,77.8,54.7,23.5,21.8,68,7,9.4,20.1,44,35.9,7.4,45.8,34.7,5.36
Oregon St.,117,106.7,107.8,106.4,54.7,16.7,32.1,31.8,77.8,50,28.1,21.9,67.6,7.4,9,18.5,47.6,34,7.7,55.2,35.7,5.36
LSU,110.6,100.7,114.7,101.2,51.7,18.6,30,29.4,77.1,50.1,31.7,18.2,69.9,9.7,11.4,17.9,53,29.1,7.1,49.3,43.2,5.36
TCU,106.9,97.2,114.2,100.8,47.3,17.3,33,27.5,77.8,54.2,27.1,18.7,67.6,9,9.3,16.6,50.7,32.7,8,50.9,34.8,5.36
Georgetown,108.7,99.1,110.5,103.9,50.7,17.6,32,28.9,78.6,54.8,30,15.2,70.7,9.3,10.5,18.4,48.3,33.3,7.1,54.2,37.5,5.36
Stanford,111.9,102.5,109.9,105,50.4,15.8,31.4,37,78.7,47.5,33.3,19.2,68.6,7.2,8.1,21.7,51.5,26.8,7.7,53.9,41.3,5.36
Lipscomb,113.2,103.9,106.2,110.5,56,14.5,24.3,21.8,76.7,44.4,37.8,17.8,68.2,10.3,9.1,13,55.7,31.2,5.3,54.7,47.1,5.36
High Point,118.8,109.5,104.8,110.3,56.5,15.4,33.6,37.3,77,48.8,30.4,20.8,70.8,8.3,7.3,21.3,49.9,28.8,8.1,46.1,39.5,5.36
George Mason,105.1,95.9,107.6,107.2,51.2,19.9,31.6,31,77.5,49.9,27.3,22.8,67.9,10,10.8,19.5,44.1,36.4,9.1,52,35.4,5.36
Arkansas St.,110,101.2,105.3,108.2,49.5,15.2,33.9,36.2,76.9,45.8,34.4,19.8,0,10,8.9,21.6,50.5,27.9,6.3,51,44.6,5.36
Minnesota,111.2,102.5,113.4,102.1,50.3,16.4,30,32.8,77.6,53.7,29.3,17,69.6,9.7,8.5,19.8,51.2,29.1,7.9,61.9,36.2,5.36
Florida St.,109.6,101.3,111,104.5,50.9,17.5,30.1,37.5,79.3,53.4,25.1,21.5,68.6,7.2,8.7,22.1,44.7,33.2,8.7,50.6,34.1,5.36
UNLV,108.7,100.5,110.6,104,50.4,16.3,26.9,32.6,77.9,52.4,27.9,19.6,65.9,8.7,8.3,19,47.5,33.6,7.9,48.5,34.3,5.36
Bradley,112.6,104.7,108.2,108.1,57.1,17.5,26.9,35.6,77,45.5,37,17.6,66.3,7,10.6,21.2,44.5,34.3,7,52.3,42,5.36
Notre Dame,113.1,105.5,111.6,104.1,52.3,16.6,30.2,30.1,77.8,49.7,31.9,18.4,68.2,9,9.1,18.1,50.9,30.9,7.6,45.1,38,5.36
Colorado,108.1,100.8,114,100.6,50.7,21.2,28.7,33.9,78.9,51.2,27.9,20.9,66.3,10.1,12,19.5,47.7,32.8,9.1,58.3,37.5,5.36
Georgia Tech,108.7,101.5,110.9,105.3,50.9,17.2,30.7,29,78,52,30.5,17.5,65.4,9.2,9.6,17.5,47.3,35.2,7.6,55.5,36.3,5.36
Providence,112.9,105.8,112.2,102.6,52.3,18.8,32.5,33.3,77.1,44.3,38.7,17,70.2,10,10.8,19.6,50.1,30.3,8,50.8,45.5,5.36
Grand Canyon,106.2,99.7,103.8,107.3,50.8,18.8,32.5,31.3,78.1,51.5,24.8,23.8,65.8,9.3,9.6,19.9,52.5,27.6,9.2,53.2,34.4,5.36
Virginia,111.4,105.1,112.1,103,52.9,16.5,22.8,28,78.3,45,39.2,15.8,64.3,9.4,9.7,17.2,49.4,33.4,6.8,65.7,43.3,5.36
Oklahoma St.,108.1,102,113.6,101.7,48,18.7,30.9,37.6,77,49,26.7,24.3,68.8,11.2,10.8,19.9,45.2,34.9,7.9,51.6,35.9,5.36
Akron,112.7,106.7,105.2,109.4,55,17.1,32.9,34,75.1,47,38,14.9,60.8,7.4,10.1,20.1,50.9,29.1,7,59.3,45.4,5.36
Northern Iowa,110.2,104.4,107.8,107.5,55.5,15.9,25.6,28.3,78,52.4,29.6,18,68.1,7.6,10.1,16.2,47.9,35.9,5.8,52.5,35.9,5.36
St. Bonaventure,107.5,101.9,107.6,106.8,50.9,16.2,28.1,25,78.3,54.8,26.8,18.4,63.9,9.7,9.4,15.6,44.8,39.6,6.8,42.9,34.7,5.36
CSUN,110,104.5,105.8,107.8,51.7,18.8,35.7,45.7,77.3,54.9,24.8,20.3,69.3,7.7,10.5,25.9,34.2,39.9,8.3,56.3,31,5.36
Saint Louis,109.2,103.7,108.8,104.8,55.6,18.5,23.8,25,76.9,44.4,39.9,15.7,68.8,12.2,10.8,15.7,50.1,34.2,7.7,57.3,50.3,5.36
Samford,113.3,107.8,106,108.7,54.7,18.3,34.7,41.3,76.5,43.8,39.9,16.2,68,10.3,11.7,21.6,45.4,33,6.6,56.3,46.9,5.36
North Alabama,112.8,107.5,105,110.8,52.2,12.6,33.3,26.7,75.9,53.5,29.4,17.1,64.4,9.1,7,15.5,49.7,34.8,5.5,42.7,35.1,5.36
UAB,117.5,112.2,106.2,108.2,51,13.7,38.7,30.3,76.8,57.4,23.5,19.1,72.2,7.6,7.9,17.5,53.5,29,5.8,53.2,28.7,5.36
George Washington,107.3,102.1,105.1,107.2,50.3,18.4,32.2,26.2,77.7,48.1,29.8,22,67.5,13.2,11.6,16.5,51.8,31.7,6.8,55.6,41.5,5.36
UNC Wilmington,113.2,108,105.3,109.7,52.6,16.3,35.7,30.3,78,51.8,27.5,20.6,65.6,9.7,8.7,16.7,48,35.4,7.6,54.8,36.1,5.36
Washington,109.5,104.4,114.3,101.4,50.8,17.8,27.8,35.6,77.9,51.4,29.7,18.8,64.2,11.6,9.7,20.3,51.6,28.1,8,50.6,35.8,5.36
Chattanooga,116.3,111.2,105.5,107.9,56.7,15.3,25.6,34.2,76.2,45.7,36.5,17.8,65,8.9,9,19,46.9,34.1,6.3,62,45.8,5.36
Troy,106.8,101.9,105.6,108.5,49.9,20.6,39,28.9,77.8,46.3,33,20.6,69.9,10.3,11.6,17.8,50.2,32,9,57,45.7,5.36
Jacksonville St.,109.7,105.2,108.1,106,49.7,15.9,30.8,27.9,77.6,50.4,30,19.5,67.8,8.7,8.8,16.9,47.2,35.9,7.1,42.7,36.7,5.36
California,111.3,107.1,111.7,104.8,47.7,16.8,35,32,77,47.6,29.5,23,69.3,10.8,9.5,18.3,53.2,28.5,7.3,42.1,38.1,5.36
Utah Valley,106.6,102.5,106.2,107.5,50.7,16.8,30.7,30.5,78,54.8,24.1,21.2,66.2,9.7,9.6,18.3,52.5,29.2,7.2,57.9,30.9,5.36
South Alabama,107.7,103.6,104.6,109,51.1,14.5,27.8,23.8,76,45.8,35.5,18.7,70.4,10.5,8.8,14.6,33.7,51.7,5.7,57,46.6,5.36
Florida Atlantic,112.9,108.8,109,105.6,53.7,16.7,30.1,32.3,77.6,49.5,32.9,17.6,64.8,8.3,11,19.2,48.6,32.2,5.7,56,40.4,5.36
Middle Tennessee,110.1,106.1,107.9,104.5,50.6,16.4,30.6,30.5,77.2,52.1,29.8,18.1,69.3,9.8,9.3,18.8,52.1,29.1,7.1,45.4,38.7,5.36
Syracuse,111.2,107.2,112.4,103.6,51.1,17.7,31.1,32.1,77.7,55.3,26.1,18.6,68.7,8.9,11.1,17.9,50.5,31.6,6.6,50,32.9,5.36
N.C. State,108.5,104.5,111.6,104.2,48.4,14.5,28.9,32.6,76.9,52,28.7,19.3,64.6,8.1,7.7,19.7,53.9,26.4,6.7,51,35.7,5.36
St. Thomas,114.8,111.2,107.2,110.5,58.1,13.9,21.5,36.1,76.4,43.6,37.6,18.7,67.9,10.1,7.3,20.7,45.8,33.5,6.7,52.5,46.4,5.36
New Mexico St.,103.9,100.3,107.3,104.8,46.1,15.8,31.9,39.2,76.4,50.2,29.7,20.1,65.2,10,9,22.8,47.1,30.1,6.8,45.8,37.2,5.36
Washington St.,111.6,108.1,110.2,106,56.5,20.7,31.8,32.3,78.4,50,33.3,16.7,66.5,8.2,11.2,18.3,50.5,31.2,9.5,58.4,41.4,5.36
Wichita St.,107.9,104.4,108.4,106.4,49,16.2,32.4,27.7,76.6,59.4,20,20.6,66.7,10.4,9.9,15.5,50.7,33.9,6.3,44.3,27.9,5.36
Belmont,113.6,110.2,107.2,107.4,55,15.6,27,26.3,78.1,45.6,39.8,14.7,65.5,9.8,9.6,14.9,48.7,36.3,6,59.6,44.5,5.36
Louisiana Tech,110.4,107.1,106.4,105,52.7,19,29,31.1,77,47.2,32.8,20,67.4,8.6,10.5,18.4,50.1,31.5,8.4,58.9,42.7,5.36
Loyola Chicago,107.7,104.4,106.8,106.9,53.3,17.8,29,33.2,77.8,48.6,34.5,16.9,72,9.7,9.6,19.5,46.8,33.8,8.2,60.5,41.9,5.36
Kent St.,107,103.7,106.2,109.7,48.7,17.4,36.5,40.2,75.4,52.2,28.5,19.3,67.9,8.7,9.4,23.8,45.6,30.5,8,47,37.7,5.36
DePaul,109.4,106.1,111.2,102.8,52.1,18,27.9,29.1,77.2,45.5,38.8,15.7,65.5,10.5,10.4,16.5,53.9,29.6,7.7,59.8,47,5.36
UNC Greensboro,108.6,105.8,107.5,109.1,51.1,15.2,31.1,33.9,76.2,44.4,38.1,17.5,66.3,7.2,8.5,20.4,45.6,34,6.7,49.1,42.9,5.36
North Dakota St.,115.8,113,108.1,110.9,58.2,15.6,26.2,27.1,76.5,36.9,45,18.1,61.4,9.3,8.8,15.6,51.3,33.1,6.8,55.2,53.6,5.36
Wofford,112.2,109.4,107.6,107.6,52.6,17.4,35.7,35.5,76.4,46.4,38.1,15.5,66.9,9.6,9.6,19.1,44.1,36.9,7.8,55.4,47.2,5.36
UC Riverside,111.4,108.6,108.5,105.7,49.5,16.1,33.1,33.8,77.1,46.5,35.4,18.1,0,8.7,7.7,19.7,50.5,29.8,8.4,48.2,41.8,5.36
East Tennessee St.,107.8,105.1,106.2,109.4,50.3,16.3,36.2,33.5,76.7,46.6,35.5,17.9,65.3,10.1,9,18.3,48,33.7,7.3,50.9,41.7,5.36
Northern Colorado,112,109.4,106.3,110.1,57.1,15.5,24.8,34.1,77,52,30.5,17.5,66.4,9.4,8.8,19.2,52.7,28.1,6.7,53.5,38.5,5.36
Duquesne,106.2,103.5,107.5,105.8,49.7,18.2,33,41.1,76.8,46.2,37,16.8,67.2,10.4,9.6,23,47.5,29.4,8.6,55.7,43.1,5.36
South Dakota St.,109.9,107.4,108.7,110.3,53.6,17.6,33.6,29.9,77.2,50.1,31.9,18,67.9,7.5,10.2,18.3,43.8,37.9,7.4,49,40,5.36
Cornell,114.3,111.8,106.1,108.5,58,17.3,26.6,31.3,76.9,44.8,39.4,15.8,68,7,9.4,17.4,50.5,32.2,7.9,61.5,48.5,5.36
Kennesaw St.,105.6,103.3,107.5,104.7,48.8,20.2,32.8,43.5,77.6,45.7,32.2,22.1,66.5,11.7,11.9,24.2,47.2,28.6,8.4,49.7,45.4,5.36
Seattle,105.6,103.4,105.6,105.2,46.6,17,30.5,36.5,76.7,47.3,28.6,24.1,68.1,11.3,9.8,20,49.8,30.3,7.2,50.3,37.2,5.36
Davidson,111,109,107,106.4,52.4,14.5,25.3,28.1,78.4,48.8,33.7,17.5,67.3,9.1,8.8,15.8,50.5,33.7,5.7,57.2,41.5,5.36
Western Kentucky,104.8,102.8,107.4,104.7,48.6,15.8,23.1,40.6,76.2,48,32.3,19.6,0,11.5,9.6,24.2,43.9,31.9,6.2,44.8,40,5.36
Illinois St.,112.3,110.4,108.2,107.8,56,15.8,24.6,31.4,76.2,44,39,17,69.5,8.9,8,18,46.3,35.8,7.8,54.3,47.5,5.36
Murray St.,106.7,104.8,108.4,106.6,49.4,17,29.1,35.5,77,45.3,31.5,23.2,65.1,10.3,8.9,20.4,55.5,24.1,8,48.9,40.1,5.36
UC Santa Barbara,109.2,107.5,105,108.4,55.5,18.5,27.5,31.5,77.8,42.6,40.6,16.8,63.9,6.8,9.4,19.8,51.5,28.6,9.1,57.8,46.2,5.36
Milwaukee,107.8,106.2,106.5,109.5,51.4,19.4,39.8,32.4,76.6,56.5,23.3,20.1,66.4,10.3,10.2,18.7,50.6,30.7,9.2,49.5,31.5,5.36
Rhode Island,109.3,107.7,106.5,106.3,53.2,18,28,29.9,77.3,49.9,29.1,21,69.4,11.1,11.4,18,50.9,31.1,6.6,51.5,37.7,5.36
Robert Morris,106.2,104.7,105,111.5,51.2,18.6,35,29.5,76.9,49.6,29,21.3,70.7,9.1,10.2,17.6,53.1,29.3,8.4,59.6,36.8,5.36
Furman,108.4,107,106.2,108.2,52.5,16.8,30.1,28.5,77.8,40.2,41.3,18.5,0,11.7,10.6,17.6,51.6,30.7,6.2,65.3,50.9,5.36
Loyola Marymount,104.8,103.4,109.3,106.4,50.3,15.2,22.8,28.4,78.9,50.1,33,16.9,64.5,6.4,7.8,18.5,52.5,29,7.3,50.4,40,5.36
UTEP,106.3,105.3,107,104.7,49.9,16.6,24.4,40.3,76.9,48.9,29.9,21.2,65.4,9.2,8.8,21.6,47.9,30.5,7.8,52.3,36.1,5.36
Towson,106.7,105.7,106.2,108.2,47.7,14.7,34.9,30.5,77.3,50.6,32.4,17,69.9,8.4,8.4,17.7,50.7,31.7,6.2,42.1,37.5,5.36
James Madison,111.4,110.6,106,107.4,51.1,16,32,33.1,76.9,44,37.4,18.6,67.5,7.5,8.6,18.9,51.7,29.4,7.4,46.4,45.3,5.36
Charleston,106.8,106,106.2,108.6,52.5,16.1,26.2,27,77.6,48.8,32.6,18.6,65.1,9.4,9.2,15.9,52.3,31.8,7,58.7,39.8,5.36
Radford,110.3,109.7,107.2,109.3,50.8,17.8,33.9,36.9,77.5,47.1,29.2,23.8,63.9,8.6,9.7,21.6,45.1,33.3,8.1,44.8,36.3,5.36
Virginia Tech,107.9,107.4,111.4,104.8,51.5,19.5,31.3,31.1,77.3,47.9,34.5,17.6,70.1,9.7,10,18.3,49.4,32.3,9.5,52.7,40,5.36
Bryant,107.1,106.7,103.7,109.9,50.7,16.2,33.7,29.8,79,53.2,29,17.8,70.7,5.4,8.9,18.6,51.6,29.8,7.3,48.8,35.6,5.36
Cal Baptist,107,106.7,104.5,105.8,48.7,17.5,33,33.6,76.7,53.5,27.6,18.9,66.5,9,9.4,18.5,55.6,25.9,8.1,45.5,35.1,5.36
East Carolina,108.5,108.3,106.8,108.5,49.1,15.9,34.6,31.9,76.7,52.1,26.9,21,65.8,8.4,9.1,18.4,49.4,32.2,6.8,49.3,35.4,5.36
Texas A&M Corpus Chris,106.9,106.7,105.1,108.2,52.8,17.5,31.8,40.9,77.3,58.8,23.3,17.9,66,11.7,11,21.6,49.2,29.3,6.5,51.4,28.9,5.36
Tulane,107.5,107.3,106.4,108.3,51.5,16.3,27.2,32.1,78.1,49.2,30.2,20.6,72.2,9.5,9.2,19.8,45.5,34.8,7.1,55.8,39.4,5.36
Miami OH,107.8,107.7,103.9,110.1,55.4,17.5,27.5,34.2,77.4,47.3,37.3,15.4,67.3,9.9,10.3,19.3,49.6,31.1,7.2,55.3,43.2,5.36
Purdue Fort Wayne,109.6,109.8,105.6,109.1,54.7,13.8,22,30,75.2,44.7,38.7,16.6,67.7,9.9,8,17.3,52.3,30.4,5.9,47.6,45.6,5.36
Cleveland St.,104.6,104.9,105.5,109.7,49.3,18.1,34.7,37.8,76.5,55.5,25.9,18.6,67.7,9.9,9.9,20.9,46.7,32.4,8.2,52,32.9,5.36
Appalachian St.,101.6,102,106.7,109.6,49.7,16.9,27.5,22.2,77.4,46.9,34.3,18.8,66.2,10.9,10.2,15.2,51.8,33,6.7,51.5,41.1,5.36
Winthrop,109.2,109.7,106,109.9,53.4,17.8,31.1,37.7,77,49.2,27.4,23.4,67.6,10.7,9.4,20.8,48.2,30.9,8.4,43.5,38.1,5.36
Marshall,106.7,107.2,105.7,110.1,50.2,16.6,32.8,40.8,77.4,49.8,31,19.2,67.3,8.6,8.9,22.5,52.5,25,7.8,53.2,39.9,5.36
Sam Houston St.,110.6,111.1,108,103.2,51.1,18.6,30.6,33.6,76.8,44.9,34.8,20.3,75.1,8.7,10.2,18.4,47.4,34.2,8.3,49.3,38.2,5.36
Central Connecticut,102.2,102.8,101.2,112.3,52.7,16.7,26.9,18.9,75.6,57,27.3,15.7,64,5.7,9.5,11.8,52.1,36.2,7.2,50.7,34.5,5.36
Nicholls,107.4,108,105.2,106.7,48.6,14.7,30.4,36,76.6,48.9,32.5,18.6,72.4,12,8.9,20.9,50.8,28.3,5.8,42.5,36.8,5.36
Florida Gulf Coast,108.5,109.1,106.4,109.8,53.9,16.2,30,29.5,76.9,53.9,33.2,12.9,68.9,8.7,9.4,17.3,44.9,37.9,6.8,50.7,38.4,5.36
Lamar,103.3,103.9,105.7,108.1,48,18.9,35.2,34.5,77,51.8,30.9,17.3,69.4,9.6,11.4,19.4,49.5,31.1,7.5,57.4,32.6,5.36
Temple,110.7,111.3,107.4,107.3,50,15.8,32.3,35.9,77.7,50.2,25.2,24.5,69,10.5,9.9,19.8,50.6,29.6,5.9,40.2,31,5.36
Illinois Chicago,107.3,108.1,108,106.4,51.1,17.5,30,31.6,76.5,48.6,31.5,19.9,73.1,10.3,9.7,17.9,53.1,29,7.8,56,39.4,5.36
Norfolk St.,109.5,110.3,104,110.2,52.8,18.1,33,35.9,77.1,58.4,19.9,21.7,67.5,8.7,10.1,20.3,44.8,34.9,8,49.1,28,5.36
San Jose St.,108.4,109.4,109.8,104.3,50.4,16.8,26.7,28.5,77,46.5,34.9,18.6,68.9,8.8,8.8,16,55.7,28.4,8,50.6,40.9,5.36
Nebraska Omaha,111.3,112.3,107.1,109.4,52.9,15.8,29.4,37.4,77.5,48,32,19.9,67.7,8.6,8.3,20.2,45,34.9,7.5,50.1,38.6,5.36
Boston College,105.4,106.6,110.2,105,48.9,17.2,28.7,36.8,76.9,52.9,28.5,18.6,66.9,8,9.3,20.3,51,28.7,7.9,44.9,32.6,5.36
Montana,110.5,111.8,107.1,108.8,55.8,16.4,23,31.6,76.6,52.3,28.8,18.9,66,8.9,8.5,18.1,54.2,27.7,7.9,50.1,36.7,5.36
Jacksonville,102.2,103.6,108,110.2,50.1,19.3,35.2,34.5,77.4,52.4,31.5,16.1,64.3,9.2,11.5,19.2,49.2,31.5,7.8,50.3,33.9,5.36
Oakland,107.6,109,107.8,108,50,18,34.1,27.8,76.8,50.4,31.7,17.9,65.3,9.5,9.4,16.6,47.6,35.8,8.6,50.7,42.3,5.36
Eastern Kentucky,110.1,111.8,106.6,109.2,49.7,13.8,32.4,31.8,76.8,46.2,37,16.8,63.4,8.6,8.2,17.7,51.2,31.1,5.7,47,42.2,5.36
Wyoming,104.5,106.2,110.3,104.8,50.6,19.9,29.8,41,77.7,47.9,35.6,16.5,67.2,9.7,10.4,22.2,49.7,28.1,9.5,48.9,41,5.36
Montana St.,106.5,108.3,106.6,108.5,53,15.1,21.1,32.3,78.5,47.5,34.4,18.1,65.5,7.6,8.5,20.3,56.2,23.5,6.6,51.7,42.9,5.36
Elon,107.3,109.1,105.7,108.9,50,19.2,36.3,24.2,79.7,45.6,31.7,22.7,66.4,8.1,11.4,15.3,47.1,37.7,7.8,48.5,41.8,5.36
Merrimack,101.3,103.1,104.6,109.7,49.6,13.9,21.3,29.4,75.5,48.9,35.8,15.3,66.2,8.7,7.8,18.1,53.1,28.8,6.1,49.2,42.3,5.36
Rice,107.4,109.4,105.9,107.7,48.8,17.9,33.8,34.8,78,45.4,31.3,23.3,64.2,10.2,10.8,20.6,49.8,29.6,7.1,51.1,39.3,5.36
Southeast Missouri,103.5,105.6,102.4,109.7,52.1,15.5,24.4,42.5,75.5,52.9,30.4,16.7,66.1,7.6,8.5,24.5,52.6,22.8,7.1,48.2,35.8,5.36
UNC Asheville,110.2,112.3,106.9,110.1,52.2,14.6,29.8,39.8,77.2,53.2,27.9,18.9,65.8,5.2,7.6,20.9,49.2,29.8,7,45.4,34.6,5.36
Dartmouth,101.7,103.9,106.4,110.4,50.7,15.9,23,23,76.4,42.4,39.2,18.4,64.4,8.9,9.2,14.1,56.2,29.7,6.7,58.2,46.8,5.36
UTSA,107.4,109.7,108.2,106.2,49.5,15.8,26.6,44.3,76.5,41.7,39.3,19.1,72.2,13.1,10.1,23.2,48.1,28.8,5.8,48.7,44.9,5.36
South Carolina St.,103.7,106.1,103.7,111.3,50.8,19.7,35.6,47.1,77.5,51.6,24.9,23.5,0,7.8,10.2,24.6,50.8,24.6,9.4,56,33,5.36
Princeton,105.4,107.8,107.6,108.3,50.7,15.3,26.7,31.8,76.5,43.1,41.8,15.1,70.5,12.9,9.4,18.2,47.6,34.1,5.9,55.1,47.9,5.36
Massachusetts,103.8,106.3,107,105.5,45.8,16.4,34.4,36.2,76.8,56.1,23.9,20,67.9,8.5,8.9,20.9,48.1,31,7.4,48.6,31.9,5.36
Southeastern Louisiana,105.3,107.8,105.3,108.9,49.5,17.5,30.8,36.9,76.8,53.7,25.4,20.9,69.1,10.2,9,19.4,47.2,33.4,8.5,46.8,32.3,5.36
Portland St.,101.4,104.2,106.5,110.7,50.7,18.6,33.8,34.2,77.8,57.9,24,18.1,67.5,8.2,9.5,20.2,50.5,29.3,9.1,47.9,30.5,5.36
South Florida,104,106.8,108.9,108.3,50.1,16.3,27.6,36.7,76.6,51.1,28.8,20.1,66.3,9.9,9.3,21.3,49.2,29.4,7,54.4,38,5.36
Miami FL,114.1,116.9,111,102.8,52,16.1,28.4,28.4,77.8,54.5,29.2,16.4,63.4,8.2,9.1,15.4,49.8,34.8,7,47.3,38.8,5.36
Ohio,106.9,109.7,106.4,109.8,53.5,15,23.8,35.8,76.1,48.3,32.3,19.4,69.4,8.4,9.3,19.2,52.2,28.6,5.7,50.6,40.8,5.36
Idaho St.,106.8,109.6,106.2,109.9,48.3,16.3,38.4,33.4,77.6,50.4,28.4,21.2,67.1,10.1,8.7,17.9,50.1,32,7.5,48.4,36.7,5.36
Southern Illinois,106,108.7,109,107.5,51.6,18.3,30.3,33.7,77.8,53.6,28,18.4,65.8,8.3,10.5,18.5,48,33.5,7.8,52.4,33.6,5.36
Cal Poly,108.2,111,107.4,105.5,54.4,21.3,27.7,32.4,76.4,42.5,41.1,16.4,65.3,10.2,12.4,18.8,49.9,31.3,8.9,51.3,51.2,5.36
Seton Hall,100,102.9,111.9,102.4,44.8,18.9,31.6,39,78.3,54.5,25.6,19.9,71.2,10.9,10.5,20.5,43.9,35.6,8.4,50.4,30.5,5.36
Drexel,101.9,104.9,105.7,110.5,51.6,19,32.6,28.1,77.6,54.8,31.5,13.8,68.1,7.6,11,17.1,54.1,28.8,8,48.3,36.9,5.36
Texas St.,110,112.9,104.8,107.4,50.7,18.1,35.1,41.6,76.5,55.2,23.6,21.2,59.4,10.1,10.8,23.1,46.4,30.5,7.3,52.6,28,5.36
Queens,106.7,109.9,106.5,109.6,52.3,18,31.1,32.1,77.9,45.9,35.9,18.2,67.4,10.4,11.4,17.9,50.7,31.4,6.6,59.8,44.2,5.36
Central Michigan,105.9,109,106.6,108.7,49.8,17.6,32.1,31.3,77.7,54.2,24.9,20.8,68,8.8,9.2,17.2,45.9,36.9,8.5,48.9,33.3,5.36
Quinnipiac,101.6,104.8,102.9,109.1,48.4,18.1,33.3,28.2,77.4,52.5,28,19.5,71.1,11.4,11.1,16.8,47,36.1,7.1,52.3,37.8,5.36
Youngstown St.,102.2,105.4,105.6,110.8,49.9,17.8,29.2,35.7,76.8,44.8,33.8,21.4,68.1,8.4,9.5,20.6,53.4,26,8.3,50.7,46.1,5.36
Indiana St.,109.4,112.7,107.1,106.9,54.6,19.5,26.2,38.8,77.5,41.5,38.6,19.8,68,11.7,11.2,20.3,49.6,30.1,8.2,57.8,50.1,5.36
Northeastern,104.3,107.6,104.7,108.4,51.1,18.4,31,30.1,77.6,54.9,29.2,15.9,68.6,10,10.4,17.1,52.7,30.2,8,50.4,35.1,5.36
Campbell,102.7,106.1,105.5,109.4,50.2,15.8,24.4,30.6,77.5,48.3,33.1,18.7,69.8,10.2,9.5,17,55.7,27.3,6.3,54.5,42.3,5.36
Brown,103.8,107.5,106.1,110,51.5,16.9,29.7,28.6,76,52.3,33.2,14.6,63.2,9.9,10,17.2,51.9,30.9,7,54.1,40.1,5.36
Longwood,106.3,110.1,107.1,110.8,51.3,18,32.1,38.2,75.5,51,24.7,24.3,66.1,7.8,10.2,19,50.5,30.4,7.8,49.8,33.9,5.36
Hampton,104.4,108.4,106.8,109.2,47.8,16.1,33.8,42.8,76.8,50.8,30.9,18.3,66.2,8,8.6,22.6,49.9,27.4,7.5,42.9,36.6,5.36
Hofstra,98.8,102.7,105.7,108.2,49,17.5,25.2,37.8,77,48.1,36.2,15.7,69.4,8.9,9.3,22.4,42.7,34.9,8.2,55.7,42.6,5.36
Valparaiso,106.3,110.3,106.9,106.9,47.8,14,26.4,34.9,77,48,30.1,21.9,68.8,8.9,8.8,18.7,52.3,29,5.2,44.5,38.3,5.36
William & Mary,108.6,112.7,105.7,108.1,54.2,18.3,26.1,35.5,77.7,40.8,39.9,19.3,65.2,11.1,10,19.5,48.7,31.8,8.3,61.8,51.6,5.36
Bucknell,102.9,107.4,103.8,110.9,53.8,18.6,25.8,34.1,76.7,48.8,33,18.3,68.5,9.4,10.8,18.6,47.3,34.1,7.8,52.2,40.8,5.36
UT Arlington,107.6,112.2,104.2,106,51.8,19.4,32.3,33.9,76.8,45.7,35,19.4,0,10.5,11.1,19.9,49.5,30.6,8.3,53.9,42.1,5.36
Abilene Christian,98.3,103,104.9,106.2,46.9,20.3,29.1,51.1,77.3,59,18.7,22.3,65.1,10.8,10.9,25.6,50.6,23.7,9.4,50.9,25.5,5.36
Wright St.,110,114.7,106.5,109.7,56.4,17.8,27.8,34.5,76.6,52.3,33.3,14.4,67.8,7.8,10.6,18.6,51.1,30.3,7.2,52.3,37.8,5.36
Hawaii,103.6,108.4,106.3,107.4,50.7,20.7,31,34,77.9,51.3,26,22.7,66.1,8,11.4,20.5,52.3,27.1,9.3,48.7,36.9,5.36
Maine,101.6,106.6,103.8,111.1,52.1,15.9,22.1,29.8,77.2,53.8,29.7,16.5,65.6,7.2,8.8,17.4,51.9,30.7,7,56.1,34,5.36
Little Rock,99.6,104.7,102.2,109.7,49.5,20.4,30.4,37.9,78.1,55,27.8,17.1,69,7.3,12.3,22.5,42.9,34.6,8.1,52.6,30.3,5.36
Vermont,101.1,106.1,104.3,110.6,49.4,16.9,26.1,27.1,77.8,46.5,35.5,18.1,67.5,11.1,9.4,16.9,50.4,32.7,7.4,50,43.2,5.36
Southern,100.1,105.2,102.9,109.5,47.6,18.1,33.9,42.8,76.1,53.3,26.2,20.5,67.6,12.2,10,23,45.7,31.2,8.1,48.7,33.6,5.36
South Dakota,110.3,115.5,107.5,110.8,50.4,12.6,30.3,35.1,77.4,49.2,26.4,24.4,66.8,8.3,6.4,18.8,50,31.2,6.2,38.9,37.1,5.36
Presbyterian,105.1,110.5,107.4,109.8,51.2,16.3,29.6,39.2,77.5,52.9,29.9,17.2,67.7,8.4,9.6,21.1,52,26.9,6.7,47.4,34.2,5.36
Northwestern St.,102.3,107.8,106.6,107.4,48.7,20.4,33.5,32.6,76.4,51,30.1,18.8,68.3,11.6,11.2,19,46.3,34.8,9.2,52.4,35.1,5.36
SIUE,102.4,107.9,102,110.9,49,17.1,31.6,33.6,77.2,50.3,31.3,18.4,0,8.1,9.7,19.6,47.8,32.5,7.4,51.7,36.8,5.36
Northern Kentucky,103,108.7,106.6,109.2,49.8,17.3,31,29.3,77.6,49.8,32.8,17.4,66.2,9,9.6,17.1,47.8,35.1,7.6,54.2,40.3,5.36
Pepperdine,105.8,111.6,107.9,106.2,49.3,16.5,28.3,26.4,78.6,52.5,28.7,18.8,69,8.6,9.2,16,51.9,32.1,7.3,59.6,34.2,5.36
UMass Lowell,109.1,114.9,102,109.2,54.6,17.9,26,25.1,76.7,54.6,26.9,18.5,65.5,9.1,10.6,14.6,54.3,31.1,7.3,52.5,34.8,5.36
Manhattan,109.5,115.4,101.7,110.1,51.2,16.9,32.6,25.5,75.1,47,34.3,18.7,67.7,11.1,10.6,15.4,49.9,34.6,6.4,57,41.5,5.36
Kansas City,100.7,106.6,108.6,110.8,48.4,18.7,32.9,35.2,77.5,44.1,36.2,19.7,69.3,8.1,9.9,20,49.5,30.4,8.8,48.1,44,5.36
Cal St. Bakersfield,107.2,113.2,106.4,106.9,48.3,18.8,35.6,46.6,76.6,52.5,25.7,21.9,68.3,7.5,8.2,24.3,44.7,30.9,10.6,38.1,28.3,5.36
Fordham,105.7,111.8,106.9,105.2,48.6,18.8,31.5,38.6,76.4,47.9,33,19,67.2,10.6,10.3,20.7,54.7,24.6,8.5,53,41.5,5.36
La Salle,103,109.1,108,105.6,45.6,15.5,30.6,28.8,76.8,52.8,28,19.3,63.9,8.6,8.9,16.1,51.7,32.2,6.6,45.1,33.6,5.36
UT Rio Grande Valley,104.9,111.1,105,108.3,51.7,19.2,30.8,29.9,76.1,47.4,39.1,13.5,70.8,7.8,10.2,17.8,54,28.2,9,57,49,5.36
Richmond,103.4,109.8,108.5,105.7,48.3,15.3,19.3,36.7,76.7,45.1,34.8,20.1,66.6,9.2,9.2,20.2,40.8,39,6.1,51.1,45.4,5.36
UC Davis,97.3,103.7,107.8,107.5,46,19.5,27.5,40.3,76.4,48.2,27.8,23.9,66.7,7.4,9.8,23.6,46.5,29.9,9.7,46.2,35.3,5.36
Toledo,111.9,118.4,106.2,108.6,50.5,13.8,29.6,25.4,77.4,56.8,23,20.2,67.9,7.3,8.6,14.2,52.7,33.1,5.2,46.4,28.8,5.36
Missouri St.,101.4,107.9,109.2,108.1,50.9,20.7,32.1,38.5,75.8,49.8,32.2,18,68.9,11.9,10,20,48.7,31.3,10.7,49.9,37,5.36
Fresno St.,101.2,107.8,110.4,104.2,46.1,17.9,27,22.9,77.7,50.1,28.5,21.3,69,10.2,9.3,13.2,50.8,35.9,8.6,44.3,35.4,5.36
Jackson St.,101.5,108.2,105.3,107.6,47,19.5,30.6,32.1,76.2,50.5,27.4,22.1,67.1,9.3,11.8,17.9,47.8,34.2,7.7,49.1,34.5,5.36
Siena,103.5,110.4,103,109.8,49.7,17.6,28.9,31.7,77,46.6,31.5,21.9,75,9.7,10.2,18.5,53.8,27.6,7.4,47.9,40.2,5.36
Georgia Southern,103,110,105.3,109.9,50.6,19,32.9,43.2,77.3,46.8,38.6,14.6,69,11.9,9.8,23.5,46.8,29.7,9.3,50.3,44.3,5.36
Northern Arizona,105.7,112.7,105.7,110.8,50.4,15.2,32.1,33.6,77.5,50.9,32.7,16.4,70.8,9.1,8.3,18.4,50.5,31.1,6.8,52.9,38,5.36
Incarnate Word,106.9,114,103.5,109.1,51.7,18.3,34.5,34.2,77.3,52.2,32.3,15.5,69.3,9.7,10.5,18.6,53.8,27.5,7.8,45.7,36.1,5.36
American,102.3,109.5,104,110.3,51.3,16.9,23.9,35.5,76.5,44.5,37.5,18,66.1,9.5,8.6,18.9,53.1,28,8.2,52.4,45.1,5.36
Tennessee St.,102.6,109.8,101.6,109.8,51.3,21.1,33.8,39.3,77.7,53.3,25.1,21.6,66.3,8.4,11,21.6,49.4,28.9,10.1,47.3,33.6,5.36
FIU,98.1,105.4,107.4,107.3,46.9,20,31.7,38.7,76.8,57.1,21.6,21.3,64.6,7.9,11.8,21.4,47.8,30.8,8.2,48,29.5,5.36
Colgate,105.4,113.1,103.9,109.6,54.3,16.6,23.6,25.6,77.2,50.3,36.3,13.4,65.6,9.6,10.1,14.4,49.4,36.2,6.6,52.9,42.3,5.36
Mercer,100.4,108.1,106.4,108.9,49.1,16.4,28.8,32.9,76.4,50.8,32.5,16.7,65.2,9.5,10.7,18.8,42.6,38.5,5.7,46.9,40.1,5.36
North Florida,110,117.8,107.1,109,53.2,15,28,31.1,76.6,40.4,46,13.7,68.3,12.8,9.2,17.2,57.4,25.3,5.8,53.6,54,5.36
North Dakota,108.6,116.4,108.5,109.1,49.5,16,33.3,33.5,77.5,48.7,31.9,19.4,70,9.3,9.1,18.1,49.4,32.5,6.9,45.1,40.1,5.36
Evansville,98.7,106.6,108.9,107.5,48.8,17.7,22.6,34.6,78.3,51.2,30.5,18.3,69.3,7.6,11,20.3,43.3,36.4,6.7,52.6,40.6,5.36
Gardner Webb,103.6,111.6,108,109.9,51.9,20.7,33.4,37.2,76.7,55.1,25.4,19.5,71.4,8.4,11.3,20.1,51.6,28.2,9.5,39.4,33.1,5.36
Charlotte,105.3,113.4,108,107.8,48.3,14.8,25.1,36.1,77.4,46.1,29.1,24.8,65.4,10.8,8.1,18.9,54.7,26.4,6.7,52,40.2,5.36
Georgia St.,107,115.2,105.6,108.7,50.4,16.8,32.3,26.3,78.2,53.6,27.7,18.7,66.2,8.5,9.8,15.7,50.1,34.2,7,43.9,33.3,5.36
Harvard,102,110.4,106.3,108.2,50.8,18.2,25.1,24.3,76.6,52.1,32.1,15.8,67.1,9.5,10.5,14.9,55.1,30,7.7,54.4,40.1,5.36
Mount St. Mary's,101.1,109.4,103,109.8,51.2,21.6,31.3,27.6,77,48.7,33.1,18.2,65.1,9.2,12.9,17.1,46.4,36.5,8.7,60.3,40.3,5.36
Sacred Heart,105.6,114,102.8,110,51.1,17.2,31.1,28.3,76.8,46.5,37.4,16,65.1,10.7,10.3,16.8,46.5,36.7,6.9,60.1,44.1,5.36
Iona,97.7,106.2,103.2,110.3,47.1,21.2,38.8,36.9,76.5,54.1,29.4,16.6,67.7,11.7,10.4,20.8,47.2,32,10.8,56.2,34.7,5.36
Marist,98.3,106.9,101.1,111.8,51,18.8,30.5,33.3,76.8,56.1,30.3,13.6,64,6.7,10.9,20.6,49.7,29.7,7.9,55.4,36.7,5.36
Delaware,108.8,117.5,104.7,107.6,54.5,16.9,22.2,32.5,77.4,49.1,33.3,17.6,63.3,9.6,8.6,18.4,53.5,28.1,8.3,49.9,40.3,5.36
Navy,102.8,111.5,102.3,110.4,48.3,16.2,31.4,33.4,74.3,49.2,31,19.8,67.4,9.1,8.3,18.5,48.4,33.2,7.9,52.7,37.2,5.36
Albany,103.7,112.6,103.1,110.5,49.4,15.8,32.2,35.1,75.3,54.3,27.7,18,66.6,11.9,8.4,19.2,53,27.8,7.4,45.6,35.4,5.36
Portland,106.2,115.1,108.3,106.6,50.1,18,23.9,22.1,78.8,44.8,35.1,20,66.3,9.1,10.7,13.1,50.1,36.8,7.3,61.4,43.6,5.36
Austin Peay,102.4,111.5,108.5,110,48.7,14.8,25.8,36,76.1,47.7,34.8,17.5,68.4,13.4,8.4,19.7,49.9,30.5,6.3,49.5,40.2,5.36
Houston Christian,101.7,110.9,105.2,107.9,49.3,18,26.7,29.3,75.9,46.5,35.8,17.7,70.7,10.1,11.4,16.5,59.1,24.5,6.6,46.1,43.9,5.36
Columbia,107,116.3,104.7,110.1,52.7,15.4,26.3,25.5,76.8,51.5,31.7,16.8,63.2,10,8.7,14.2,48.5,37.3,6.7,60.1,39.1,5.36
Idaho,108.5,117.8,106,108.4,52.1,17.9,29.2,37.3,76.8,41.6,39,19.4,66.6,11.2,10.2,19.3,50.6,30.2,7.6,48.9,47.7,5.36
Monmouth,104.1,113.4,106.1,107.8,47.1,16.6,30.1,36.2,78.7,47.4,29.9,22.7,67.6,9.9,9.3,20.6,46.9,32.5,7.3,49.2,34.4,5.36
Ball St.,103.9,113.3,104.7,110.9,51.3,16.4,26.4,30.7,77.3,47.9,28.8,23.3,66,8.6,9.1,17.7,52.4,29.9,7.3,51.4,37.1,5.36
Texas Southern,96.3,105.8,102.9,109.2,46.5,19.6,30.3,37.1,76.3,51.2,30.3,18.5,71.3,9.5,10.6,21.3,45.3,33.4,9,52.2,36,5.36
Stephen F. Austin,95.3,104.9,105.2,107.8,46.7,22.2,34.6,34.1,77.8,54.1,28,17.9,69.4,9.8,13.2,19.1,49.4,31.5,9,51.4,36.9,5.36
Bethune Cookman,98.5,108.2,104,108.5,49,20.3,29,32.7,77.4,53.1,26.1,20.8,68.9,10.4,11.3,19.4,51.3,29.2,9,52.5,33.7,5.36
Eastern Michigan,104.6,114.4,105.9,110.2,52.5,18.9,29.9,38.1,77.3,50.3,30.5,19.3,64.6,8.6,10.8,21,47.2,31.8,8.2,47.7,38,5.36
Old Dominion,101,110.9,105.4,109.3,44.4,16.9,36.2,34.6,78,52.5,27.4,20.1,68.5,10,9.8,19,52.1,28.9,7.2,43.5,35.5,5.36
LIU,94.9,105,101.8,112.1,47.7,20.1,32,43.3,76.9,56.6,26.1,17.3,64.7,10.3,11.2,25.4,45.6,28.9,8.9,44.5,33.3,5.36
Penn,104.4,114.5,106.4,107.8,49.2,16.4,27.4,26.1,76.8,46.2,36.9,17,64.1,9.9,8.6,16.2,49.7,34,7.8,55.9,44.8,5.36
Lehigh,101.1,111.3,103.6,109.7,51.1,15.6,21.4,33.9,76.2,49.8,32.9,17.3,68.6,8.3,9.2,19.9,53,27.1,6.5,51.3,37.3,5.36
Pacific,101.8,112.1,109.2,106.6,48.1,19.3,28.8,37.1,77.7,52,28,20,67.3,9,10.4,21.2,47.4,31.5,8.9,49.7,37.8,5.36
Bowling Green,99.7,110.1,104.5,111.3,50,17,25.1,30.2,76.2,47.3,32.1,20.6,66.8,12,8.7,18.5,49.5,32,8.3,44,39.8,5.36
Tulsa,101.1,111.5,106.8,109,49.5,17,27.8,32.7,76.7,48.3,33.4,18.3,66.3,11.7,10.6,18.6,53.9,27.4,6.4,54.9,42.8,5.36
Alabama St.,102.2,112.6,102,110.2,47.6,13.3,27.6,39.9,76.7,45.2,36.5,18.3,62.6,8.7,7.5,21.4,47.6,31,5.8,43.9,43.1,5.36
Eastern Washington,103,113.4,107.9,108.7,51.2,18.7,27,40.4,77.5,52,28.8,19.2,69.3,8.1,11.6,21.4,48.1,30.5,7.1,53,37.9,5.36
Tarleton St.,93.9,104.5,107.1,105.3,45.9,25.5,28.7,48.1,76.2,54.6,20.6,24.8,64.4,12,12.1,25.2,43.4,31.4,13.4,46.5,25.6,5.36
Lafayette,98.6,109.3,103.4,111.4,50.2,16.6,24,26.9,76.1,48.8,33.9,17.4,69.1,6.5,9.5,16.4,49.8,33.8,7.1,59.4,40.3,5.36
VMI,100.6,111.4,106.6,109.2,48.5,18.1,25.1,29.8,76.9,41.7,35.6,22.6,69.2,10.4,10.7,15.1,45.9,39,7.3,49.5,47.4,5.36
Southern Utah,99,109.9,105.4,106.3,46.7,21.6,30.4,33,77.1,53,25.1,21.9,0,8.9,12.6,18.5,59.5,22,8.9,48.5,32.6,5.36
Tennessee Martin,102.1,113.1,102.2,109.3,47.6,19.5,34.7,33.9,76.9,42.9,37,20,66.9,14.4,11.7,18.6,41.9,39.5,7.8,51.1,47.3,5.36
San Diego,100.1,111.1,108.1,106.7,45.7,18.4,29.9,46.1,78,52,27.9,20,70.7,9.5,9.8,23.9,44.9,31.2,8.7,45.8,35.8,5.36
Western Michigan,101.9,113,106.1,109.9,47,15.7,34.6,33.7,77.8,57.7,24,18.4,66.8,10.7,8.2,17.8,48.8,33.3,7.6,45.1,32.5,5.36
Weber St.,101.4,112.8,107.2,109.2,50.1,17.2,25,37.5,78.2,51.9,28.8,19.3,65.3,9.9,9.1,20.4,44,35.6,8,43.3,37.3,5.36
Saint Peter's,95.7,107.1,104,110.4,44.6,20.7,37.4,38.6,77.3,46.1,32.1,21.8,70.7,12.3,10.4,22.8,48,29.1,10.3,44.6,38.1,5.36
Southern Miss,98,109.4,105.6,107.9,47.9,19.5,28.1,35.4,76.1,52.7,27.7,19.6,65.8,9.4,11.8,19.9,50.3,29.8,7.7,56.9,36.9,5.36
UMBC,106.9,118.4,102,109.8,55.4,16.1,19.4,27.9,76.8,50,33.1,16.9,70.2,7.7,9.1,15.2,55.7,29.2,7,51.2,38.6,5.36
Long Beach St.,102.7,114.4,107.5,105.9,49.2,21.7,28.5,35.9,78.4,47.3,31.1,21.6,68.3,8,10.8,20,48.9,31.2,10.9,49.3,36.6,5.36
Utah Tech,103.3,115.1,106.1,105.3,49.1,18.3,26.8,39.5,75.5,47.7,33.3,19,0,11.3,11.2,21,54.5,24.6,7.1,51.4,40.3,5.36
Charleston Southern,100.1,112,109.2,108.9,48.7,19.9,31.2,33.3,77.3,46.5,30.5,23,0,10.9,10.9,17.9,60.3,21.8,9,47.5,42,5.36
Boston University,99.4,111.6,102.8,110.9,50.2,20.6,32.5,32,77.5,48.6,34.3,17,68.4,9.6,11.6,18.6,47.5,33.9,9.1,48.8,41.9,5.36
Air Force,99.6,111.9,109.5,105,50.3,20.7,23,35.5,78.2,42.8,38.7,18.6,69.2,12.4,10.4,18.6,52.8,28.6,10.3,62.2,47.4,5.36
Tennessee Tech,101.2,113.5,102.1,109.7,50.7,17.4,25,22.2,75.7,43.1,40.1,16.8,65.3,9.5,11.1,14.3,57.5,28.2,6.4,59.3,46.4,5.36
Loyola MD,100.9,113.3,102.4,110.4,50.1,17.7,28.6,30.2,77.3,50.8,32.4,16.7,67.3,7,10.8,17.5,53.1,29.4,6.9,54.8,39.6,5.36
Delaware St.,101.5,114,103.5,111.8,48.6,18.2,33.6,40,77.1,60.8,18,21.2,66.7,6.5,9,21.4,48.5,30.1,9.1,45.4,20.8,5.36
Denver,99,111.7,108.9,110.4,50.3,18.5,26.1,49.8,76.3,51.4,29.7,18.9,68.2,7.7,9.4,25.1,48.1,26.8,9.1,43.5,36.9,5.36
Fairleigh Dickinson,98.4,111.3,102.6,110.8,49.3,17,25.6,30.6,76.2,47.7,33.3,19,64.4,9.1,9.5,18.7,55.8,25.5,7.5,53.6,41.3,5.36
Howard,104.1,117.2,104,110.1,53.7,21.3,28.7,41.3,76.8,48.6,31.5,19.9,66.1,8.1,10.5,23.5,51.6,24.9,10.9,57.2,38.5,5.36
Rider,100.8,114,103.4,109.5,47.3,17.7,31.8,26.7,76.9,56.6,24.7,18.7,70.9,9,9.8,14.7,49.8,35.5,7.9,50.7,30.6,5.36
Eastern Illinois,93.9,107.3,103.6,109.1,44.1,18.7,30,39.7,76.5,54,25.5,20.6,0,11.5,9.4,21.7,42.8,35.5,9.2,46,29.7,5.36
IU Indy,109.9,123.4,105.1,108.5,50.4,15.7,30.6,35.1,76.6,38.5,41.3,20.2,68.8,13.8,8.3,18.7,48.8,32.5,7.3,53.2,47.3,5.36
Louisiana,98.2,111.7,105.4,107.6,45.7,16,25.9,43.8,76.2,49.2,31.6,19.2,65.9,11.5,9.3,23.8,50.4,25.8,6.8,45.2,38.1,5.36
Florida A&M,100.7,114.3,103,108.2,50.5,21.6,28.3,38.9,77.1,41.8,37.5,20.7,69.6,10.4,11.9,21.1,50.5,28.4,9.7,50.8,46.7,5.36
Holy Cross,102.2,116.1,103.3,109.3,53.1,17.8,23.2,25.4,77.3,46.9,40.1,13,70.1,7.8,9.9,14,54.5,31.5,7.9,48.2,42.3,5.36
North Carolina Central,103,116.8,104.3,110.9,49.9,18.9,34.8,42,76.6,51.6,27,21.4,64.8,8.6,9,21.9,55.2,22.9,9.9,54.6,33.9,5.36
Binghamton,99.2,113.2,103.3,110.8,51.7,19.9,27.2,32.7,78.3,51,30.3,18.8,66.8,11.4,12,19.1,49.9,30.9,7.9,51.9,36.2,5.36
Alcorn St.,98.8,112.8,104.6,108,46,19.5,33.7,32.2,75.6,55.8,24.6,19.6,64.5,10.8,10.1,18.1,46,35.9,9.4,43.1,29.4,5.36
Saint Francis,100.6,114.7,102.2,109.3,52,19.8,25.8,28.8,76.3,50.8,35.1,14.1,66.5,9.2,12.4,17.2,48.7,34.1,7.4,50.6,41.8,5.36
Stonehill,101.3,115.5,100.9,110.4,51,18.3,26.4,32.7,77.1,44,37.9,18.2,66.9,12.6,10.5,19.1,53.1,27.8,7.8,60.4,44.5,5.36
Niagara,101,115.3,101.8,109.7,51.6,18.7,23.7,29.9,76.7,47.2,34.8,18,65.5,9.2,10.1,18.1,49,32.9,8.5,52,42.8,5.36
Grambling St.,96.9,111.3,102.5,109.5,47.9,19.4,26.7,32.9,77.1,51.4,27.4,21.1,67.4,10.2,11.5,19.2,49.8,31,7.9,46.9,35,5.36
Army,100.4,114.9,103.5,111,49.7,14.7,25.8,27.1,75.2,52.4,32.5,15.1,66.3,8.8,8.7,15,50.4,34.6,6,50.2,41.1,5.36
Morehead St.,98.1,112.8,102.2,108.8,45.9,18.4,31.2,34.7,77.4,51.1,27.3,21.6,64.4,9.8,10.2,20.6,52.4,27,8.2,48.1,34.1,5.36
Lindenwood,94.5,109.3,103,110.4,45,17.9,30,34.7,76.9,54.3,24.2,21.6,64.9,11.1,10.4,19.5,49.7,30.9,7.5,42.3,34.6,5.36
Coastal Carolina,101,115.8,104.4,109.1,49.4,18.4,29,36.9,77.7,47.2,33.4,19.5,0,10.8,10.2,21.8,49.7,28.5,8.1,49.2,39.2,5.36
Oral Roberts,103.1,118.1,109.4,109,50,16.3,22.6,38.2,75.8,41.7,37.3,21,70.6,10.2,8.4,21.2,48.6,30.3,7.9,39.8,45.7,5.36
East Texas A&M,96.7,111.9,106.4,107.5,49.2,22.5,28.1,36.5,76.3,45.4,39.1,15.5,71.4,13.4,13.6,19,51.8,29.2,9,61.6,48.3,5.36
Stony Brook,102.4,118.1,105.3,108.3,47.7,18.3,29.5,28.4,77.4,46.9,33.3,19.8,67,11,10.8,15,50,34.9,7.5,48.8,39.1,5.36
Morgan St.,103.2,119.1,102.6,111.2,49.3,18,34.1,39.3,76.2,62.7,16.3,21,67.5,8.4,10.4,20.2,50.7,29,7.6,44.2,21.7,5.36
Green Bay,101.1,117.3,107.1,108.2,50.9,18,18.4,35.4,76.3,42.9,34.9,22.2,68,13.5,9.6,18.2,48.9,32.9,8.5,59.3,46.2,5.36
North Carolina A&T,97.7,113.9,105.5,108.1,45.8,15.4,27,30,76,52.4,28.6,18.9,70.5,9.4,8.4,18.1,51.3,30.6,7,44.4,36,5.36
Fairfield,99.3,115.8,103,109.1,46.5,15.6,29.2,31.6,76.1,49.8,33.3,16.9,68.3,10.2,9,18.4,51.7,29.9,6.6,51.2,38.9,5.36
Southern Indiana,98.7,115.2,102.4,110,47.9,17.2,27.9,35.6,76.5,51,29.9,19.1,61.2,8.2,11,18.9,49.7,31.4,6.2,43.4,33.5,5.36
Western Carolina,95.8,112.8,108,107.6,45.4,19,25.8,34,77.3,43.4,38.7,17.9,65.9,9.4,11.5,19.8,46.4,33.8,7.6,48.8,48.2,5.36
Detroit Mercy,95.5,112.7,107.3,109.4,45.6,19.1,31.9,39.8,77.6,55.9,25.3,18.9,66.3,8.8,10.7,21.8,42.4,35.7,8.4,43.9,28.4,5.36
Sacramento St.,95.2,112.5,106.6,109.6,47.9,20.5,27.7,39.6,76.9,46.1,36,17.9,64.7,10.7,11.8,20.6,43.1,36.2,8.7,53.6,45,5.36
USC Upstate,98.8,116.3,108,108.5,49.8,19,25.3,39.5,76.5,55.8,27.1,17.1,60.7,7.9,10.9,20.3,49.6,30.1,8.1,47.9,36.9,5.36
Buffalo,96.6,114.2,106.5,109.5,48.8,19.5,24.8,31.2,77.6,47.8,33.3,19,64.3,10.3,11.5,17.2,52.9,29.9,8.1,52.9,44,5.36
Bellarmine,104.2,121.9,105.9,109.5,53.7,17.4,20.2,34.8,76.5,47.9,36.2,15.9,67.5,7.4,9.8,18.6,42.6,38.8,7.6,52.4,43.2,5.36
Mercyhurst,99.1,117,101.3,110.3,48.6,16.4,22.2,38.3,75,47.7,31.9,20.4,68,8.2,8.8,19.9,49.1,31.1,7.6,57.5,36.4,5.36
Central Arkansas,98.2,116.2,107.1,109.3,47.4,18.2,28.5,22.6,76.9,45.3,36.7,17.9,73,12.5,11.2,12.6,40.8,46.6,7,56.1,47.8,5.36
Wagner,92.4,110.6,100.7,110.8,43.7,19.4,31.8,39.9,76.6,47.9,32.9,19.3,67.6,9.9,10.9,22.3,44.7,33,8.5,54.8,37.6,5.36
Northern Illinois,94.8,113,106.1,109.4,47.2,16.3,17.8,44,76.6,39.5,41.3,19.2,69.1,9.9,9.4,22.8,46.2,31,6.9,52.1,49.2,5.36
Western Illinois,99.4,117.6,102,109.8,50.2,18.2,27.9,30.6,77.2,49.2,34.9,15.8,65.1,7.5,10.2,18.1,52.5,29.4,8,38.3,37.1,5.36
West Georgia,97.3,115.6,107.2,109.3,47.2,16.2,26.1,36.3,76.4,59.1,23.5,17.4,67.3,7.5,10,18.9,46.3,34.9,6.3,51.1,30.1,5.36
Louisiana Monroe,96.7,115,105,108.3,45,17.1,29,25.1,78,50.8,29.5,19.7,70.6,9.8,11,14.3,49,36.8,6.1,51.5,33.9,5.36
New Orleans,99.6,118.1,107.3,106.3,45.9,18.8,31.6,26.6,75.4,55.7,24.5,19.8,64.3,11.1,11,14.9,49.2,35.9,7.7,50.1,30.7,5.36
Cal St. Fullerton,94.9,113.8,107.8,105.3,44.2,21.5,26.1,34.1,77.2,52.1,22.9,25,70.6,9.6,12,19,45,35.9,9.5,41.3,33.7,5.36
Stetson,99.8,119.1,106.4,110.5,50.2,18.7,24.1,27.7,77.8,50.1,30.3,19.6,69.4,8.4,11.4,16.5,48.5,35.1,7.3,45.5,37.7,5.36
NJIT,93.6,113.8,103.8,110,45.3,18,27.7,38.6,76.6,50.6,31.3,18.1,65.3,10.2,8.7,21,53.2,25.8,9.2,41.9,37.8,5.36
Le Moyne,101.4,122,102.5,109.5,51.5,19.6,25.6,36.9,76.9,48.1,31.3,20.6,74.8,9,10.7,19.8,46.5,33.7,8.9,54.3,41.3,5.36
The Citadel,95.5,117.2,106.2,109,46.9,19.5,27.2,32.8,76.8,47.5,34.6,17.9,69.1,11.6,11.9,18.3,48.4,33.3,7.6,52.2,45.2,5.36
Prairie View A&M,96.1,117.8,104.3,108.7,48.2,16.7,24.1,41.4,75,53.4,26.6,20,69.3,9.4,8.7,20.4,55.4,24.2,7.9,47.1,33.3,5.36
New Hampshire,94,115.8,104.6,110.5,47.3,19.1,27.7,33.3,77.2,49.9,34.6,15.4,70,12.6,10.2,17.8,51.4,30.8,8.9,46.4,40.6,5.36
Alabama A&M,92.6,115.4,102.1,111.8,45,21.9,34.6,47.4,76.7,45.2,32.3,22.5,63.5,8.7,12.2,23.4,45.8,30.8,9.7,52.1,41.4,5.36
Maryland Eastern Shore,95.7,118.8,105.9,108.8,45.4,20,27.1,40.6,76.8,49.2,29.8,21,66.5,8.9,10.9,20.7,51.7,27.5,9.1,45.6,37,5.36
Canisius,99.6,122.8,103.6,108.3,51.4,18.5,18.2,30.8,76.9,47.6,37.6,14.8,73.4,9.8,9.4,16.9,51,32.1,9.2,47.2,41.1,5.36
Chicago St.,92.3,116.7,104.8,107.8,44.4,18.5,22.6,36.9,77.1,47.7,34.8,17.5,67.3,8.9,9.9,19.5,49.5,31,8.6,48.5,40.9,5.36
Coppin St.,87.6,112.5,106,110.1,43.8,21.4,26.3,37.6,76.8,52.7,25,22.3,68.4,13.1,11.3,19.4,50,30.7,10.1,51.1,32.5,5.36
Arkansas Pine Bluff,95.4,121.9,101.9,109.9,50.2,20.4,26.1,41,77.2,54.2,29.4,16.4,70.7,9.2,12.8,20.2,45.8,34,7.6,51.9,38,5.36
Mississippi Valley St.,82.7,126.5,104.7,107.5,41.8,24.4,22.8,38.1,76.1,55.9,24.3,19.8,68.9,10.5,14.5,18.3,50.3,31.4,9.9,40.7,30.3,5.36
