team_name	Conerence	AdjO	AdjD	SOS AdjO	SOS AdjD	eFG%	TOV%	ORB%	FTR	Hgt	2P%	3P%	FT%	Tempo	Blk%	Stl%	Def FT%	Def 2P%	Def 3P%	NST%	A%	3PA%	HomeAdvantage
Duke	ACC	129.2	89.6	112.8	103.6	57.8	14.3	35.6	25.6	79.8	45.1	37.3	17.6	67.8	9.6	8.1	17.4	49.8	32.8	6.2	58.8	45.2	5.36
Auburn	SEC	130.2	94.3	117.5	99	56.1	13.2	34.7	39	78.4	48.7	33.1	18.2	67.9	7.6	8.6	23.5	51.1	25.4	4.6	55.4	40.6	5.36
Houston	B12	124.2	89.1	113.5	100.5	52.7	14.6	36.8	35.2	76.9	51.8	32.2	16	69.6	6.6	7.5	21.4	42.6	36	7.1	45.8	33.9	5.36
Florida	SEC	127.3	92.7	114	101.2	54.6	15.1	38.1	31.9	77.8	47.7	35.2	17.1	71.4	8.7	8.9	20.1	50.8	29.1	6.2	52.7	43.8	5.36
Tennessee	SEC	119.3	88.5	116.4	101.9	52.9	16.1	35.5	28.3	77.2	47	34.3	18.7	66	9.2	8.9	19.1	45.9	35	7.2	61.1	43	5.36
Alabama	SEC	127.3	97.5	118.3	99.5	56.5	16.9	35.4	32.9	78.1	45.3	34.2	20.5	67.8	12.4	10.3	19.7	53.3	27	6.7	54.5	46.2	5.36
Texas Tech	B12	125.3	96.7	111.7	101.4	55.8	15	33.9	33.6	76.6	45.7	37.5	16.9	64.2	7.8	9.1	19.5	52.9	27.5	6	58.4	44.3	5.36
Gonzaga	WCC	125.1	97.9	111.2	104.8	56.4	13.5	33.2	28.8	77.3	55.8	26.2	18	69.8	8.2	7.4	18.1	49.8	32.1	6.1	61.9	34	5.36
Michigan St.	B10	118.6	91.6	114.4	101.9	51.2	16.7	35.9	32	78	55.6	22.2	22.2	69.1	7.9	8.7	20	49.5	30.5	7.9	62	32.6	5.36
Wisconsin	B10	123.1	97.6	114.4	101.8	54.3	14.3	28.2	27.1	78	43.1	36.4	20.5	71.1	11	7.1	16.6	50.1	33.3	7.1	54	47.4	5.36
Iowa St.	B12	118.6	92	113.5	101.6	53.9	16.7	31.9	28.9	77.9	50.2	27.8	22	65.8	9.2	10.3	18.3	48.9	32.8	6.4	54.6	36.5	5.36
Maryland	B10	117.9	92.4	113.3	103.2	54	15.1	31.5	26	77.5	51.6	29.8	18.6	67.7	6	7.1	16.9	53.8	29.3	7.9	49.6	35.6	5.36
Arizona	B12	122.3	97.4	114.9	99.9	52.6	16.3	36.5	29.1	77.9	53.4	24.9	21.6	66.3	6.5	9.3	17.7	47.1	35.2	7	58.4	35.1	5.36
Purdue	B10	124.9	99.8	116	100.4	57	15.8	30.4	31	77.2	50.1	31.8	18.1	68.9	8.8	9.1	17.8	51	31.2	6.7	58.2	38.2	5.36
Missouri	SEC	126	101.7	113.5	101.5	56.5	15.2	33.4	34.9	78.3	44.8	32	23.2	66.4	10.3	9.2	20.9	49.1	30	6	49.5	42.1	5.36
Kentucky	SEC	125.6	100	117	99.6	56.3	15	29.2	31.1	78.5	46.9	34.3	18.8	62	8	8.5	18.2	49.1	32.7	6.5	56.8	42	5.36
St. John's	BE	114.2	89.3	111.8	103.3	49.5	15.8	38	30.6	78.2	59.3	22.9	17.8	70.6	8.6	9.4	18.2	47.5	34.3	6.4	53.7	30.8	5.36
Illinois	B10	121.9	97.4	115.3	99.6	52.3	15.7	35.6	26.9	78.8	46.4	33.6	20	66.6	8.6	8.5	17.1	56.9	25.9	7.2	51.7	47.3	5.36
Clemson	ACC	120.4	96.1	111.8	104.2	54.3	15.6	34	27	77.9	49.7	33.9	16.4	68.2	7.9	9.1	15.9	51.5	32.5	6.5	53.1	38.8	5.36
Texas A&M	SEC	116.9	92.2	116	99.8	47.6	18.3	42.2	35	77.5	49.1	27.8	23.1	65.9	14.7	11.8	21.9	39.6	38.5	6.5	47.9	37.4	5.36
Saint Mary's	WCC	116.9	93.4	111.3	106.2	51.2	14.8	40.2	25.5	78.4	54.8	27.7	17.5	69.3	7.3	8	17.1	55.8	27.1	6.8	58	33.8	5.36
Kansas	B12	116.2	92.3	114.9	99.8	53.2	16.6	30	27.5	78	58	28.1	13.9	65.3	8.9	10.5	17.9	48.9	33.2	6	60.9	33.7	5.36
BYU	B12	122.9	100.3	111.7	101.8	57.5	17.6	33.2	29.8	78.4	45.4	39.1	15.5	64.3	7.7	9.4	17.3	45	37.7	8.2	59	47.9	5.36
Louisville	ACC	118.6	95.6	112.8	103.5	53.7	16.3	32.2	26.5	78	44	36.5	19.5	68.3	9.4	9.1	16	50	34	7.2	52.4	48.8	5.36
Mississippi	SEC	118.9	96.9	115.3	100.1	51.3	12.6	25.6	39.2	76.2	47.1	32.4	20.5	64.9	11.3	8.2	21.6	44.4	33.8	4.4	54.7	40.2	5.36
Marquette	BE	118.1	96.1	113.4	101.7	52	13.5	31	29.9	78.3	48.1	36.5	15.4	68.3	9.1	8.2	17.9	50.8	31.3	5.2	50.3	46.1	5.36
UCLA	B10	117.1	94.6	114	102	53.5	16.2	32.5	35	78.1	53.1	29.2	17.7	64.6	6.9	8.7	20.9	45.3	33.8	7.5	60.6	35.7	5.36
Michigan	B10	116.5	95.5	114.1	100.9	55.4	20.1	33.4	27.6	79.1	49.3	32.1	18.6	67.4	7.1	10.6	17.4	50.4	32.2	9.6	57.6	42.4	5.36
VCU	A10	117	96.5	107.5	106.8	52.7	16.7	36.9	36.7	78	44.2	37.4	18.5	67.8	7.3	9.7	22.6	49.4	28	7	56.7	47.2	5.36
Baylor	B12	120.8	100.4	114	98.7	51.6	16.6	35.7	34.2	77	47.7	33.8	18.5	70.6	11.5	9	18.7	47.2	34	7.6	54.1	40.9	5.36
Oregon	B10	117.8	97.9	114.8	101	52.1	15.9	31.1	27	77.5	49.6	30.8	19.6	70.6	9.2	8.7	16.7	52.6	30.8	7.2	54.5	38.7	5.36
Mississippi St.	SEC	119.4	99.6	115.6	100.8	51.7	15.1	34.4	34.6	77.2	51	31.2	17.8	64	8.8	8.7	18.8	43.2	38	6.4	53.6	41.9	5.36
Georgia	SEC	115.9	96.2	114.1	100.8	52.5	18.9	36	30	78.9	51	27.3	21.7	66.1	9.6	11.9	19.1	49.1	31.7	7	47.7	36.5	5.36
Ohio St.	B10	118.5	99.4	115.2	100.6	53.8	15.6	28.7	40.5	76.7	48.7	31.3	20	68	8.9	6	24	49.4	26.6	9.6	48.1	37.7	5.36
Creighton	BE	117.2	98.2	112.5	101.5	56.2	18.3	26.5	17.3	78.9	45.8	38.4	15.8	63.6	10.7	12.1	11.9	55.8	32.3	6.3	64.3	49.7	5.36
Connecticut	BE	122.3	103.3	112.2	102.7	55.5	17.3	36	39.7	78.2	48.4	33.4	18.3	66.5	9.1	8.8	23.1	48.4	28.5	8.6	65.1	42.8	5.36
North Carolina	ACC	119.8	101.5	113.9	102.2	54.5	15.1	29.4	29.7	76.4	52	28.9	19	65.9	10.4	8.5	18.2	49.6	32.2	6.6	50.4	36.8	5.36
UC San Diego	BW	115.5	97.7	106.1	108.3	55.4	13.4	25.7	30.1	77.6	41.5	40	18.5	67.5	9.7	6.9	18.8	43.9	37.3	6.5	56.4	49.4	5.36
Arkansas	SEC	113.2	95.5	115.1	101.6	52.8	16.4	27.4	29.3	78.7	52.5	27.9	19.6	65.3	7.1	9.3	18	49.9	32.1	7.1	53.4	36.6	5.36
New Mexico	MWC	113.5	95.9	109.7	103.4	51.3	15.8	31.3	35.4	78.5	53.7	25.8	20.4	67	9.6	9.5	19.1	48.9	31.9	6.3	51.7	32.5	5.36
Oklahoma	SEC	119.2	101.4	114.6	100.6	54.8	17.5	26.9	36.1	77.2	45.1	32.5	22.4	66	10.8	10.3	20.7	49.7	29.6	7.2	52.4	41.8	5.36
Xavier	BE	115.1	98	111.5	102.6	53.6	16.1	25.4	28.4	77.3	46.9	31.5	21.6	67.8	11.5	8.4	16.8	52.8	30.4	7.8	64.3	37.3	5.36
Vanderbilt	SEC	118.9	102.4	114	101.3	51.9	14.8	32.4	38.3	76.5	49.5	31	19.5	67.4	11.5	8.2	20.6	47.9	31.5	6.6	50.3	40.4	5.36
Texas	SEC	116.3	99.8	114.2	101.3	52.8	14.7	30	37.4	78	50.3	29.6	20	65.5	7.7	8.4	21.3	49.1	29.6	6.3	48.2	36	5.36
Indiana	B10	114.9	98.1	114.9	101.7	51.6	16.8	31.5	29.7	78.9	55.5	25.6	18.8	64	8.4	9.7	17.8	50.8	31.4	7.1	57.6	33.6	5.36
Northwestern	B10	114.6	98.4	114	101.9	49.9	14.6	30.9	36.3	78.3	53.4	28.1	18.5	63.1	8.7	8	21.3	47.6	31.1	6.6	55.5	34	5.36
San Diego St.	MWC	110.8	94	111.6	103.3	50.8	16.7	29.9	37.4	78.1	51.3	31.3	17.4	68.7	8.4	8.9	22.4	41.3	36.4	7.9	50.4	39.2	5.36
Memphis	Amer	114.1	98.1	111.9	105.5	54.3	19.3	34	32.9	76.4	50.8	29	20.2	65.8	9.4	10.7	19.3	48.3	32.4	8.6	51.8	33.9	5.36
SMU	ACC	118.2	102.6	110.6	105	54.9	17.1	37.2	32.2	78.2	50.8	29.7	19.5	71.6	10.1	9.2	20	46	34.1	7.9	55.3	35.5	5.36
Nebraska	B10	114.3	98.4	114.2	101.7	52	16.5	26.8	27	78.3	50.5	29	20.5	67.7	8.9	8.4	15.9	44.9	39.2	8	52.3	38.4	5.36
Boise St.	MWC	116.8	100.9	109.4	104.2	52.6	16.7	33.1	31	78	48.3	29	22.7	66.3	10.1	7.9	17.8	52.2	30	8.7	56.4	41.7	5.36
Colorado St.	MWC	116.4	100.6	109.3	104.3	55.6	17.5	26.8	33.3	77.1	48.2	34.1	17.6	66.1	8.2	9	18.8	49.9	31.4	8.4	62.9	42.9	5.36
West Virginia	B12	109.9	94.2	113.6	100.2	50.1	16	25.7	31.9	77.3	46.2	38.3	15.5	66.1	9.3	8.3	20.3	51.6	28.1	7.7	56.5	46.3	5.36
Cincinnati	B12	111.2	96.3	112.7	101.6	51.2	15.2	32.2	24.2	78.6	55.7	31.2	13.1	69.6	8.2	8.7	16.1	55	28.9	6.5	50.8	37.9	5.36
Santa Clara	WCC	116.7	101.8	110.2	105.6	55.7	16.9	32.6	32.4	78.4	44.3	39.8	15.9	68.6	10.9	8.5	19.2	50.9	30	8.4	58.6	46.5	5.36
Villanova	BE	119.8	104.8	110.9	103.2	55.3	15.5	30.3	30.5	77.3	44	39.4	16.6	68.2	8.3	8.1	17.2	43.4	39.3	7.4	49.6	43.8	5.36
Utah St.	MWC	121.2	106	109.1	104.1	56.6	15.8	33.9	33.8	77.3	48.2	32.9	18.9	68.9	9.5	9.9	19	45.9	35.2	5.9	61.7	41.8	5.36
Pittsburgh	ACC	117.2	103.2	112.6	103.7	52.6	14.7	29.1	33.3	78.5	46.5	33	20.5	67.5	8	8	19	46.6	34.4	6.7	51.5	41.5	5.36
McNeese	Slnd	114.8	101.1	105.7	107.7	53.2	16.5	35.7	32.1	77	51.4	29.9	18.7	66.7	8.9	9.6	19.2	42.3	38.5	6.9	50.2	36.7	5.36
USC	B10	116.9	104.2	113.6	101.7	54.6	17.5	27.6	35	78.4	52.3	27.9	19.9	0	9.3	10	20.1	50.7	29.1	7.6	57.1	34.4	5.36
Drake	MVC	112.9	99.5	107.7	108.3	53.9	18.7	35.9	35.9	77.3	50	28	22	0	7.7	8.6	20	51.2	28.8	10.1	54.2	36.9	5.36
Kansas St.	B12	110.5	98	112.5	99.9	50.7	17.8	29.7	29	77.3	51.1	33	15.9	69.3	10.1	10	17.9	54	28.2	7.8	59.9	40.3	5.36
North Texas	Amer	110.8	98.3	109.1	108	52.6	17.5	32.8	38.1	77.2	47.6	31.3	21.1	69.7	9	10	23.5	48.7	27.9	7.4	45.5	37.9	5.36
San Francisco	WCC	112.2	99.8	109.6	106.7	53.2	16.8	28.6	35.4	77.5	46.7	34	19.3	68.3	7.8	9.4	20.4	55.1	24.5	7.5	52.2	44.1	5.36
UC Irvine	BW	107.5	95	107.3	107	51.5	18.3	28.2	22	77	50.1	27.6	22.3	61.2	7	9.2	15	50.4	34.6	9.1	60.2	34.7	5.36
Penn St.	B10	115.1	101.4	112.6	103.1	54.1	17.4	28.6	29.4	78.1	51.9	27.2	21	72.9	8.7	10.4	17	50.6	32.4	7	57.8	36.2	5.36
Arizona St.	B12	113.3	101.9	115.1	99.4	51.7	17.5	25	31.5	78.2	44.1	35.7	20.2	67.5	11.4	10.7	19.1	49.1	31.8	6.8	51.3	42.8	5.36
Liberty	CUSA	110.8	98	106.4	106	57.4	15.4	18.8	25.2	75.7	44.1	40.6	15.4	65.4	8.8	9	17	57.5	25.5	6.4	60.8	47.7	5.36
Utah	B12	113.3	102	112.3	101.8	52.1	18.1	34.7	32.9	79.5	47.2	34.3	18.6	72.4	13.3	10.6	19.3	47.2	33.5	7.6	66.5	44	5.36
Saint Joseph's	A10	112	101.5	106.9	106.4	53.2	16.7	29.5	26.4	77.4	44.6	37.1	18.3	64.3	8.6	9.8	17.5	54.2	28.3	6.9	57.7	46.4	5.36
South Carolina	SEC	110.9	99.3	115.5	101	49	18.4	30.3	30.5	77.6	47.3	28.5	24.2	69	13.9	11.6	17.3	53.7	29	6.8	55	39	5.36
Dayton	A10	116.9	105.7	108.8	104.1	53	15.6	30	30.2	76.2	46.3	32	21.7	70	10.1	9	18.2	48.7	33.1	6.6	59.6	40.4	5.36
Iowa	B10	118.6	107.4	113.5	102.3	56.3	14	25.4	27.2	78.1	50.4	35.3	14.3	67.4	7.9	8.6	14.7	53.9	31.4	5.4	60.1	41.1	5.36
Yale	Ivy	115.7	104.4	106.6	109.4	54.7	14.7	33.9	29.5	77.8	54.8	27.5	17.7	70.1	7.7	8.4	18.8	41	40.2	6.3	54.2	31.9	5.36
Butler	BE	116.9	106.3	112.6	101.7	53.3	16.4	26.8	21.6	78.9	45.6	33.3	21.1	67.4	10.3	10	14.1	55.7	30.1	6.4	56.1	40.5	5.36
Rutgers	B10	116.5	105.5	114.2	100.5	50.9	15.5	30.8	29.6	78.7	50.7	28.8	20.5	66.2	8.9	8.1	16.3	51.8	32	7.4	47.8	36.5	5.36
Nevada	MWC	113.2	103.1	109.8	104.2	54.2	15.8	27.1	37.3	79	51.4	29	19.5	68.6	7.8	8.8	20.8	42	37.3	7	59.3	37.2	5.36
UCF	B12	115.2	104.6	111.9	100.2	48.7	17.1	32.7	30.8	78.1	45.4	32.3	22.3	68.2	10.4	9.9	18.1	52.5	29.5	7.2	52.4	40.9	5.36
Wake Forest	ACC	109.3	97.9	111.6	103.5	49.9	16.7	27	31	77.8	54.1	24.3	21.6	69	7.3	9.4	20.1	44.4	35.6	7.4	46.3	35.2	5.36
Oregon St.	WCC	116.7	107.3	107.8	106.8	54.6	16.6	31.8	32.3	77.8	49.9	28.1	21.9	67.9	7.4	8.9	18.6	47.2	34.2	7.7	55.2	35.9	5.36
LSU	SEC	110	100.5	114.7	101.1	51.3	18.6	29.7	29.9	77.1	49.6	31.9	18.4	67.1	9.7	11.4	18.2	53.1	28.8	7.2	49.3	43.4	5.36
TCU	B12	106.4	97.6	114	100.8	46.9	17.2	32.4	27.7	77.8	54.1	26.9	18.9	64.6	9.1	9.1	16.7	50.6	32.7	8	50.5	34.7	5.36
Georgetown	BE	109.1	99.9	110.6	104.1	50.6	17.3	32	29.2	78.6	54.7	30.2	15.1	65.2	9.6	10.3	18.4	48.5	33.1	7	53.7	37.5	5.36
Stanford	ACC	111.3	102.4	110.2	104.7	49.9	15.9	31.4	36.3	78.7	47.4	33.5	19.1	69.8	7	8.2	21.4	51.9	26.7	7.7	54	41.5	5.36
Lipscomb	ASun	113.2	104	106.1	110.7	56	14.5	24.3	21.8	76.7	44.4	37.8	17.8	65.5	10.3	9.1	13	55.7	31.2	5.3	54.7	47.1	5.36
High Point	BSth	119.2	110.1	104.9	110.4	56.7	15.5	34	37	77.1	49	30.3	20.7	69.4	8	7.4	21.1	50.3	28.7	8.1	45.5	39.2	5.36
George Mason	A10	105.2	96.1	107.5	107.3	51.2	19.9	31.8	30.8	77.5	49.3	27.9	22.8	63	9.9	10.8	19.5	43.9	36.6	9.2	51.8	36	5.36
Arkansas St.	SB	110.2	101.6	105.2	108.3	49.2	14.9	34	36.5	76.9	46	33.9	20.1	66.4	10.6	8.7	21.7	50.4	27.9	6.2	50.3	44.3	5.36
Minnesota	B10	111.3	102.6	113.4	102.1	50.3	16.4	30	32.8	77.6	53.7	29.3	17	64.2	9.7	8.5	19.8	51.2	29.1	7.9	61.9	36.2	5.36
Florida St.	ACC	109.8	101	111	104.5	51	17.5	30	37.5	79.3	53.3	25.1	21.6	67.5	7.1	8.9	22.1	44.7	33.2	8.7	50.3	34.1	5.36
UNLV	MWC	108.7	100.5	110.6	104.2	50.4	16.3	26.9	32.6	77.9	52.4	27.9	19.6	69.9	8.7	8.3	19	47.5	33.6	7.9	48.5	34.3	5.36
Bradley	MVC	112.5	104.8	108	108.2	57	17.3	26.6	35.1	77	45.7	36.5	17.7	66.1	7	10.5	21.1	44.3	34.6	6.8	52.4	41.7	5.36
Notre Dame	ACC	113.1	105.8	111.3	104.5	52.5	16.4	29.9	30.8	77.8	49.8	31.6	18.6	67.4	9.2	8.9	18.4	50.9	30.6	7.5	44.6	37.7	5.36
Colorado	B12	108.5	100.3	113.4	100.7	50.8	21.2	28.9	34.2	78.9	51.1	28	20.9	69.2	10	12.1	19.7	47.8	32.5	9	58.6	37.5	5.36
Georgia Tech	ACC	107.8	101.5	110.8	105.1	50.4	17.4	30.6	28.8	78	52.2	30.3	17.5	66.7	9.4	9.9	17.5	47	35.6	7.5	55.6	36.5	5.36
Providence	BE	112.9	105.6	112.4	102.6	52.5	19	32.3	33.4	77.1	44.2	39.2	16.7	68.6	9.7	10.8	19.7	50.1	30.2	8.2	51.5	45.5	5.36
Grand Canyon	WAC	106.2	100	103.5	107.2	50.8	18.9	32.2	31.3	78	51.9	24.4	23.7	69.2	9.2	9.8	20	52.7	27.2	9.2	52.5	33.9	5.36
Virginia	ACC	111.4	105.9	111.9	103.1	53	16.5	22.7	28.3	78.3	45.8	38.3	15.9	65.1	9.1	9.6	17.3	49.8	32.9	6.9	64.3	42.8	5.36
Oklahoma St.	B12	108.6	101.8	113.3	101.7	48.1	18.6	30.8	36.5	77	49.2	26.7	24	68.8	11.3	10.8	19.5	45.7	34.8	7.9	51.9	35.2	5.36
Akron	MAC	112.8	106.8	105.2	109.5	55	17.1	32.9	34	75.1	47	38	14.9	69	7.4	10.1	20.1	50.9	29.1	7	59.3	45.4	5.36
Northern Iowa	MVC	110.3	104.5	107.7	107.6	55.5	15.9	25.6	28.3	78	52.4	29.6	18	65	7.6	10.1	16.2	47.9	35.9	5.8	52.5	35.9	5.36
St. Bonaventure	A10	107.1	101.3	107.7	106.9	50.7	16.1	27.9	24.8	78.3	54.9	26.7	18.4	0	9.4	9.3	15.5	45	39.5	6.8	42.7	34.9	5.36
CSUN	BW	110	104.6	105.6	108.1	51.9	18.6	35.2	45.4	77.4	54.8	25.2	20.1	65	7.6	10.3	25.8	34.2	40	8.3	56.3	30.9	5.36
Saint Louis	A10	109.8	104.5	108.5	105	56.1	18.7	23.9	24.4	76.9	44.7	39.9	15.4	64.4	12	10.8	15.3	50.5	34.2	7.9	57.4	50.2	5.36
Samford	SC	113.3	108.8	106.1	108.7	54.6	18.3	34.6	41.8	76.5	44.2	39.7	16.2	66.1	10.3	11.7	21.6	44.6	33.8	6.6	55.9	46.7	5.36
North Alabama	ASun	112.8	107.6	104.9	111	52.2	12.6	33.3	26.7	75.9	53.5	29.4	17.1	69.3	9.1	7	15.5	49.7	34.8	5.5	42.7	35.1	5.36
UAB	Amer	117.5	112.2	106.1	108.4	51	13.7	38.7	30.3	76.8	57.4	23.5	19.1	65.9	7.6	7.9	17.5	53.5	29	5.8	53.2	28.7	5.36
George Washington	A10	107.4	102.2	105	107.3	50.3	18.4	32.2	26.2	77.7	48.1	29.8	22	66.4	13.2	11.6	16.5	51.8	31.7	6.8	55.6	41.5	5.36
UNC Wilmington	CAA	113.1	108	105.3	109.9	52.6	16.3	35.7	30.3	78	51.8	27.5	20.6	70.3	9.7	8.7	16.7	48	35.4	7.6	54.8	36.1	5.36
Washington	B10	109.6	104.5	114.2	101.4	50.8	17.8	27.8	35.6	77.9	51.4	29.7	18.8	71.3	11.6	9.7	20.3	51.6	28.1	8	50.6	35.8	5.36
Chattanooga	SC	116	110.7	105.2	108.1	56.6	15.4	25.6	33.7	76.2	45.9	36.3	17.8	64.5	8.6	9	18.8	47.1	34.1	6.4	61.7	45.6	5.36
Troy	SB	106.9	101.6	105.4	108.8	49.8	20.3	38.8	28.9	77.8	46.8	32.4	20.8	67.5	10.2	11.4	18	50.1	32	8.9	56.4	45.2	5.36
Jacksonville St.	CUSA	109.7	105.5	107.8	106.1	49.5	15.7	30.6	28	77.6	50.5	30	19.5	74.9	8.8	8.8	17	46.8	36.2	6.9	42.5	36.7	5.36
California	ACC	111.7	107.2	111.7	104.8	47.9	16.5	34.4	32.4	76.9	47.7	29.2	23	71.2	10.6	9.4	18.4	53.1	28.5	7	42	37.9	5.36
Utah Valley	WAC	106.7	102.7	105.6	107.5	50.6	17	30.9	30.9	78.1	54.7	23.5	21.7	66	9.8	9.5	18.6	52.4	29	7.5	57.7	30.9	5.36
South Alabama	SB	107.8	103.7	104.5	109.2	51.1	14.5	27.8	23.8	76	45.8	35.5	18.7	70.2	10.5	8.8	14.6	33.7	51.7	5.7	57	46.6	5.36
Florida Atlantic	Amer	113	108.9	108.9	105.7	53.7	16.7	30.1	32.3	77.6	49.5	32.9	17.6	69.9	8.3	11	19.2	48.6	32.2	5.7	56	40.4	5.36
Middle Tennessee	CUSA	110.1	105.7	107.4	104.8	50.9	16.6	30.7	30.5	77.2	52	30.3	17.7	67.1	9.7	9.5	18.9	52.2	28.9	7.1	46	39.1	5.36
Syracuse	ACC	111.9	107.2	112.2	103.9	51.5	17.8	31.4	32.2	77.7	55.4	26	18.6	67.3	8.8	11.2	17.9	51	31.1	6.7	50.5	32.8	5.36
N.C. State	ACC	107.9	104.1	111.7	104.7	48.3	14.4	28.8	32.2	77	51.4	29.1	19.5	65.7	8.4	7.7	19.4	54.1	26.5	6.7	51.6	36.2	5.36
St. Thomas	Sum	114.8	110.8	107.1	110.8	58.1	13.9	21.6	35.5	76.4	43.7	37.8	18.5	70.3	10	7.2	20.4	46.4	33.3	6.6	52.4	46.4	5.36
New Mexico St.	CUSA	104.3	101.1	107.4	105	46.1	15.7	32.2	38.7	76.4	50.2	29.6	20.2	66.2	10	8.9	22.5	46.7	30.8	6.8	45.5	37	5.36
Washington St.	WCC	112.1	108.1	109.9	106.1	56.7	20.5	31.8	32.7	78.4	49.8	33.5	16.7	63.1	8	11.1	18.5	50.2	31.3	9.4	59.2	41.7	5.36
Wichita St.	Amer	107.9	104.5	108.3	106.6	49	16.2	32.4	27.7	76.6	59.4	20	20.6	60.5	10.4	9.9	15.5	50.7	33.9	6.3	44.3	27.9	5.36
Belmont	MVC	112.8	109.5	107.4	107.4	54.8	15.9	27.2	27	78.1	45.7	39.8	14.5	66.4	9.9	9.9	15.4	48.6	36	6.1	60.1	44.6	5.36
Louisiana Tech	CUSA	110.2	106.3	106.3	105.4	52.8	19.1	29.2	31.5	77	46.6	33.3	20.1	65.4	8.7	10.8	18.7	50.3	31	8.3	58.7	42.3	5.36
Loyola Chicago	A10	108	103.6	106.7	106.9	53.4	17.8	29.2	32.9	77.8	48.3	35.1	16.5	65.2	9.6	9.8	19.8	47.2	33.1	8	61	42.6	5.36
Kent St.	MAC	107	103.7	106.2	109.8	48.7	17.4	36.5	40.2	75.4	52.2	28.5	19.3	64.2	8.7	9.4	23.8	45.6	30.5	8	47	37.7	5.36
DePaul	BE	110.1	106.5	111	103	52.4	17.7	27.6	28.9	77.2	45.8	38.4	15.8	72	10.5	10.2	16.4	53.8	29.8	7.5	60.4	46.4	5.36
UNC Greensboro	SC	107.8	105.9	107.1	109.3	50.7	15.3	31.1	34	76.2	44.9	37.3	17.8	65.9	7.3	8.8	20.5	46.1	33.4	6.6	48.5	42.4	5.36
North Dakota St.	Sum	115.8	113.1	108	111.1	58.2	15.6	26.2	27.1	76.5	36.9	45	18.1	61.2	9.3	8.8	15.6	51.3	33.1	6.8	55.2	53.6	5.36
Wofford	SC	112.6	109.1	107.5	107.8	52.7	17.4	35.7	35.8	76.4	45.8	38.4	15.8	64.1	9.6	9.8	19.1	44.1	36.8	7.6	55.5	47.4	5.36
UC Riverside	BW	110.6	108.3	108.1	106.2	49.4	16	32.6	33.2	77.1	46.6	35.2	18.2	66.9	8.7	7.5	19.5	50.3	30.2	8.4	47.8	42	5.36
East Tennessee St.	SC	107.5	105.5	106.3	109.6	50.2	16.1	35.7	34.4	76.7	46.5	35.5	18	66	10	8.9	18.6	47.3	34.1	7.2	50.7	41.8	5.36
Northern Colorado	BSky	112.1	109.4	106.2	110.2	57.1	15.5	24.8	34.1	77	52	30.5	17.5	66.2	9.4	8.8	19.2	52.7	28.1	6.7	53.5	38.5	5.36
Duquesne	A10	106.9	104	107.6	105.7	50	18	32.9	40.3	76.8	46.8	36.8	16.4	69.5	10.3	9.6	22.4	47.7	29.9	8.4	55.1	43	5.36
South Dakota St.	Sum	110	107.6	108.5	110.4	53.6	17.6	33.6	29.9	77.2	50.1	31.9	18	64.7	7.5	10.2	18.3	43.8	37.9	7.4	49	40	5.36
Cornell	Ivy	114.4	111.6	106	109	58.3	16.9	26	31.4	77	45	39.4	15.6	69.7	6.8	9.2	17.4	50.8	31.8	7.8	61.3	48.5	5.36
Kennesaw St.	CUSA	105.9	103.1	107.7	104.8	48.9	20.1	32.7	42.9	77.6	45.3	32.6	22	69.2	11.7	11.8	24	47.3	28.7	8.2	50.1	45.6	5.36
Seattle	WAC	105.4	103.2	105.6	105.6	46.7	16.8	30.4	37	76.7	47.3	28.3	24.3	68.5	11.4	9.7	20.4	49.8	29.7	7.1	50.3	36.8	5.36
Davidson	A10	110.4	108.6	106.9	106.4	52.3	14.6	24.8	28	78.4	48.9	33.7	17.4	66.1	9	8.8	15.8	50.8	33.4	5.8	57.1	41.8	5.36
Western Kentucky	CUSA	104.6	103.8	107.4	104.7	48.3	15.5	23.1	40.1	76.2	48.1	32.5	19.4	66.8	11.5	9.4	23.7	43.6	32.7	6.2	44.8	40.1	5.36
Illinois St.	MVC	112.5	110.5	108	107.9	56	15.8	24.6	31.4	76.2	44	39	17	68.7	8.9	8	18	46.3	35.8	7.8	54.3	47.5	5.36
Murray St.	MVC	106.9	104.9	108.2	106.7	49.4	17	29.1	35.5	77	45.3	31.5	23.2	65.4	10.3	8.9	20.4	55.5	24.1	8	48.9	40.1	5.36
UC Santa Barbara	BW	110.2	108.7	104.8	108	55.9	18.5	27.4	31.8	77.8	42.3	41.2	16.5	63.9	6.5	9.4	20	51.8	28.2	9.1	57.6	46.5	5.36
Milwaukee	Horz	107.9	106.2	106.5	109.6	51.4	19.4	39.8	32.4	76.6	56.5	23.3	20.1	64.2	10.3	10.2	18.7	50.6	30.7	9.2	49.5	31.5	5.36
Rhode Island	A10	109.2	107.1	106.3	106.7	53.3	18.1	28	30.2	77.3	49.8	29.3	20.9	68.5	11	11.5	18.2	50.8	31	6.6	51.5	37.9	5.36
Robert Morris	Horz	106.3	104.7	105	111.6	51.2	18.6	35	29.5	76.9	49.6	29	21.3	67.8	9.1	10.2	17.6	53.1	29.3	8.4	59.6	36.8	5.36
Furman	SC	109.5	107.1	106.3	108.3	53.2	17	30.1	28.3	77.8	39.5	41.8	18.6	72.1	11.6	10.8	17.5	51.7	30.7	6.3	65	51.2	5.36
Loyola Marymount	WCC	104.6	104	109.4	106.7	50.3	15.2	22.8	28.9	78.9	49.7	33	17.2	65.7	6.6	7.8	18.4	52.2	29.4	7.5	50.6	40.4	5.36
UTEP	CUSA	105.5	105.1	107.1	104.9	49.3	16.6	24.6	40.2	76.9	49	29.5	21.5	72.5	9.5	8.9	21.6	47.3	31.1	7.8	51.2	36	5.36
Towson	CAA	106.7	105.6	106.3	108.4	47.7	14.7	34.9	30.5	77.3	50.6	32.4	17	69.1	8.4	8.4	17.7	50.7	31.7	6.2	42.1	37.5	5.36
James Madison	SB	111.5	110.6	105.9	107.6	51.1	16	32	33.1	76.9	44	37.4	18.6	69.2	7.5	8.6	18.9	51.7	29.4	7.4	46.4	45.3	5.36
Charleston	CAA	106.8	106	106.2	108.9	52.5	16.1	26.2	27	77.6	48.8	32.6	18.6	67.6	9.4	9.2	15.9	52.3	31.8	7	58.7	39.8	5.36
Radford	BSth	110.8	110	107.5	109.5	51.1	17.7	33.8	36.9	77.5	47.5	29	23.5	63.9	8.4	9.6	21.4	45.4	33.1	8.1	44.3	36.3	5.36
Virginia Tech	ACC	107.4	107	111.6	104.5	51.5	20	31.3	30.8	77.3	47.9	34.9	17.2	69.1	9.7	10.4	18.1	50.1	31.7	9.6	52.6	40.3	5.36
Bryant	AE	107.1	106.7	103.6	110.4	50.7	16.2	34	29.5	79	53.4	28.8	17.7	68.1	5.2	8.8	18.3	51.5	30.2	7.4	48.8	35.5	5.36
Cal Baptist	WAC	106.8	106.9	104.4	106.3	48.7	17.5	33.2	33	76.7	53.5	27.7	18.9	70.8	9	9.3	18.2	55.7	26.1	8.2	45.1	34.9	5.36
East Carolina	Amer	108.5	108.3	106.7	108.7	49.1	15.9	34.6	31.9	76.7	52.1	26.9	21	65.8	8.4	9.1	18.4	49.4	32.2	6.8	49.3	35.4	5.36
Texas A&M Corpus Chris	Slnd	106.9	106.7	105	108.4	52.8	17.5	31.8	40.9	77.3	58.8	23.3	17.9	65	11.7	11	21.6	49.2	29.3	6.5	51.4	28.9	5.36
Tulane	Amer	107.6	107.4	106.3	108.5	51.5	16.3	27.2	32.1	78.1	49.2	30.2	20.6	68.6	9.5	9.2	19.8	45.5	34.8	7.1	55.8	39.4	5.36
Miami OH	MAC	107.9	107.7	103.9	110.2	55.4	17.5	27.5	34.2	77.4	47.3	37.3	15.4	68.9	9.9	10.3	19.3	49.6	31.1	7.2	55.3	43.2	5.36
Purdue Fort Wayne	Horz	109.6	109.7	105.7	109.2	54.7	13.8	22	30	75.2	44.7	38.7	16.6	66.7	9.9	8	17.3	52.3	30.4	5.9	47.6	45.6	5.36
Cleveland St.	Horz	104.7	104.9	105.4	109.8	49.3	18.1	34.7	37.8	76.5	55.5	25.9	18.6	66.6	9.9	9.9	20.9	46.7	32.4	8.2	52	32.9	5.36
Appalachian St.	SB	101.6	102.1	106.7	109.8	49.7	16.9	27.5	22.2	77.4	46.9	34.3	18.8	63.3	10.9	10.2	15.2	51.8	33	6.7	51.5	41.1	5.36
Winthrop	BSth	109.4	109.1	106	110.1	53.5	17.7	31.3	38.2	77	48.7	28	23.2	67.7	10.9	9.3	21.1	48	30.8	8.4	44.1	38.2	5.36
Marshall	SB	106.9	107.3	105.8	110	49.9	16.5	33	40.9	77.3	49.7	31	19.4	63.7	8.7	8.9	22.7	52.4	24.8	7.6	53.3	39.6	5.36
Sam Houston St.	CUSA	111.4	111.6	107.7	103.3	51.3	18.3	30.3	33.4	76.8	44.6	35.3	20.1	74.9	8.7	10.1	18.5	47.6	33.9	8.2	49.4	38.6	5.36
Central Connecticut	NEC	102	103	101	112.5	52.8	16.9	26.7	19.2	75.6	56.4	27.9	15.6	71.2	6.1	9.4	12.1	52.2	35.7	7.5	50.9	34.9	5.36
Nicholls	Slnd	107.4	108	105.1	106.8	48.6	14.7	30.4	36	76.6	48.9	32.5	18.6	66.7	12	8.9	20.9	50.8	28.3	5.8	42.5	36.8	5.36
Florida Gulf Coast	ASun	108.6	109.3	106.2	110	53.9	16.2	30	29.5	76.9	107.8	66.4	25.8	67.7	8.7	9.4	34.6	89.8	75.8	6.8	50.7	38.4	5.36
Lamar	Slnd	103.4	103.9	105.6	108.2	48	18.9	35.2	34.5	77	51.8	30.9	17.3	69.2	9.6	11.4	19.4	49.5	31.1	7.5	57.4	32.6	5.36
Temple	Amer	110.7	111.3	107.4	107.4	50	15.8	32.3	35.9	77.7	50.2	25.2	24.5	67.3	10.5	9.9	19.8	50.6	29.6	5.9	40.2	31	5.36
Illinois Chicago	MVC	107.4	108.2	107.9	106.4	51.1	17.5	30	31.6	76.5	48.6	31.5	19.9	65.8	10.3	9.7	17.9	53.1	29	7.8	56	39.4	5.36
Norfolk St.	MEAC	109.5	110.4	103.8	110.3	52.8	18.1	33	35.9	77.1	58.4	19.9	21.7	72.4	8.7	10.1	20.3	44.8	34.9	8	49.1	28	5.36
San Jose St.	MWC	108.8	109.2	109.2	104.7	50.8	16.9	27	28.6	77	46.6	34.8	18.5	66.7	9	9.2	16.1	56	27.9	7.7	50.9	40.9	5.36
Nebraska Omaha	Sum	111.6	111.7	107	109.7	53.4	15.7	29.3	37.6	77.4	48.4	31.8	19.8	64.9	8.5	8.3	20.3	44.7	35	7.4	49.8	38.6	5.36
Boston College	ACC	105.7	107.4	110.4	104.9	48.9	17.3	28.8	37.1	76.9	52.9	28.3	18.8	64	8	9.4	20.4	50.5	29.1	7.9	45.3	33	5.36
Montana	BSky	110.5	111.8	107.1	108.9	55.8	16.4	23	31.6	76.6	52.3	28.8	18.9	68.7	8.9	8.5	18.1	54.2	27.7	7.9	50.1	36.7	5.36
Jacksonville	ASun	102.3	103.7	107.9	110.4	50.1	19.3	35.2	34.5	77.4	52.4	31.5	16.1	70.8	9.2	11.5	19.2	49.2	31.5	7.8	50.3	33.9	5.36
Oakland	Horz	107.6	109	107.8	108.1	50	18	34.1	27.8	76.8	50.4	31.7	17.9	64.8	9.5	9.4	16.6	47.6	35.8	8.6	50.7	42.3	5.36
Eastern Kentucky	ASun	110.1	111.8	106.4	109.3	49.7	13.8	32.4	31.8	76.8	46.2	37	16.8	65.2	8.6	8.2	17.7	51.2	31.1	5.7	47	42.2	5.36
Wyoming	MWC	104.5	106.3	110.1	104.9	50.6	19.9	29.8	41	77.7	47.9	35.6	16.5	66.8	9.7	10.4	22.2	49.7	28.1	9.5	48.9	41	5.36
Montana St.	BSky	106.5	108.4	106.5	108.6	53	15.1	21.1	32.3	78.5	47.5	34.4	18.1	66.1	7.6	8.5	20.3	56.2	23.5	6.6	51.7	42.9	5.36
Elon	CAA	107.9	110.9	105.6	108.9	50.2	19	36.3	24.7	79.7	45.7	31.7	22.6	67.1	8.2	11.3	15.5	46.7	37.7	7.8	48.5	41.8	5.36
Merrimack	MAAC	101.3	103.1	104.6	109.8	49.6	13.9	21.3	29.4	75.5	48.9	35.8	15.3	67.5	8.7	7.8	18.1	53.1	28.8	6.1	49.2	42.3	5.36
Rice	Amer	107.5	109.4	105.8	107.9	48.8	17.9	33.8	34.8	78	45.4	31.3	23.3	67.6	10.2	10.8	20.6	49.8	29.6	7.1	51.1	39.3	5.36
Southeast Missouri	OVC	102.4	105.6	102.3	109.7	51.3	15.4	24	42.8	75.5	53	30.2	16.8	65.3	7.8	8.4	24.6	52.9	22.5	7	48.2	36	5.36
UNC Asheville	BSth	109.5	112.5	107	110.2	52	14.8	29.7	40.1	77.2	52.9	27.8	19.3	0	5.4	7.6	20.9	48.7	30.4	7.2	45.6	35	5.36
Dartmouth	Ivy	100.9	103.6	106.3	110.4	50.5	16.3	22.8	22.9	76.4	42.7	38.8	18.5	65	9	9.6	14.1	56.2	29.6	6.7	57.9	46.7	5.36
UTSA	Amer	107.4	109.8	108.1	106.4	49.5	15.8	26.6	44.3	76.5	41.7	39.3	19.1	68.1	13.1	10.1	23.2	48.1	28.8	5.8	48.7	44.9	5.36
South Carolina St.	MEAC	103.6	106	103.7	111.6	50.8	19.7	35.6	47.1	77.5	51.6	24.9	23.5	68.4	7.8	10.2	24.6	50.8	24.6	9.4	56	33	5.36
Princeton	Ivy	106.3	108	107.3	108.7	51.6	15.2	26.4	31.5	76.5	42.7	42.5	14.7	0	12.6	9.4	18.1	48	33.8	5.9	55.8	48.2	5.36
Massachusetts	A10	103	106.6	106.8	105.5	45.2	16.3	34.4	35.5	76.7	56.2	23.4	20.3	68.7	8.7	8.9	20.4	47.9	31.7	7.4	48.2	31.9	5.36
Southeastern Louisiana	Slnd	105.3	107.9	105.2	109.1	49.5	17.5	30.8	36.9	76.8	53.7	25.4	20.9	69.4	10.2	9	19.4	47.2	33.4	8.5	46.8	32.3	5.36
Portland St.	BSky	101.5	104.2	106.4	110.8	50.7	18.6	33.8	34.2	77.8	57.9	24	18.1	0	8.2	9.5	20.2	50.5	29.3	9.1	47.9	30.5	5.36
South Florida	Amer	104.1	106.8	108.8	108.4	50.1	16.3	27.6	36.7	76.6	51.1	28.8	20.1	67.5	9.9	9.3	21.3	49.2	29.4	7	54.4	38	5.36
Miami FL	ACC	113.8	116.3	110.7	103	51.9	16	28.2	28.8	77.8	54.6	29.2	16.3	70.7	8.1	9	15.7	49.4	34.9	7.1	47	38.5	5.36
Ohio	MAC	107	109.7	106.4	110	53.5	15	23.8	35.8	76.1	48.3	32.3	19.4	66.2	8.4	9.3	19.2	52.2	28.6	5.7	50.6	40.8	5.36
Idaho St.	BSky	106.8	109.7	106.1	110	48.3	16.3	38.4	33.4	77.6	50.4	28.4	21.2	66.2	10.1	8.7	17.9	50.1	32	7.5	48.4	36.7	5.36
Southern Illinois	MVC	106.1	108.8	108.9	107.6	51.6	18.3	30.3	33.7	77.8	53.6	28	18.4	67.1	8.3	10.5	18.5	48	33.5	7.8	52.4	33.6	5.36
Cal Poly	BW	108.3	110.7	107.2	105.9	54.7	21.1	27.7	32.3	76.4	42	41.9	16.1	66	10.4	12.4	18.7	49.8	31.5	8.8	51.6	51.5	5.36
Seton Hall	BE	99.5	103	112.4	102.6	44.6	19	31.4	38.9	78.3	54.5	25.5	19.9	63.3	11	10.6	20.6	44.1	35.4	8.3	50.4	30.5	5.36
Drexel	CAA	103.8	105.6	105.8	110.5	51.9	18.8	33.2	28.5	77.6	54.1	31.8	14.1	70.7	8	10.8	17.2	53.8	29	8	48.5	37.1	5.36
Texas St.	SB	110	112.9	104.8	107.6	50.7	18.1	35.1	41.6	76.5	55.2	23.6	21.2	59.1	10.1	10.8	23.1	46.4	30.5	7.3	52.6	28	5.36
Queens	ASun	106.8	110	106.3	109.7	52.3	18	31.1	32.1	77.9	45.9	35.9	18.2	70.6	10.4	11.4	17.9	50.7	31.4	6.6	59.8	44.2	5.36
Central Michigan	MAC	105.9	109	106.6	109	49.8	17.6	32.1	31.3	77.7	54.2	24.9	20.8	71.3	8.8	9.2	17.2	45.9	36.9	8.5	48.9	33.3	5.36
Quinnipiac	MAAC	101.2	105.1	102.8	109.5	48.3	18.2	33	28.3	77.5	52.3	28.1	19.5	70.4	11.4	11.3	16.9	47.8	35.3	7	52.4	37.7	5.36
Youngstown St.	Horz	102.3	105.4	105.6	110.9	49.9	17.8	29.2	35.7	76.8	44.8	33.8	21.4	67.9	8.4	9.5	20.6	53.4	26	8.3	50.7	46.1	5.36
Indiana St.	MVC	109.6	112.8	106.9	107	54.6	19.5	26.2	38.8	77.5	41.5	38.6	19.8	67.3	11.7	11.2	20.3	49.6	30.1	8.2	57.8	50.1	5.36
Northeastern	CAA	104.1	107.7	104.6	108.5	51.1	18.6	31.4	30.3	77.6	55.1	29	15.9	64.6	10.1	10.5	17.4	52.8	29.9	8.1	49.7	34.8	5.36
Campbell	CAA	102	106.6	105.7	109.9	50	15.8	24.6	29.9	77.5	48.9	32.7	18.5	68.7	10.2	9.5	16.7	56.1	27.3	6.2	54	41.8	5.36
Brown	Ivy	103.6	107.2	106.3	109.9	51.1	17.1	30.1	29.1	76	51.7	33.5	14.7	64.5	10.3	10.1	17.4	51.6	31	7	54.1	40.5	5.36
Longwood	BSth	106.4	110.2	107	110.9	51.3	18	32.1	38.2	75.5	51	24.7	24.3	63.8	7.8	10.2	19	50.5	30.4	7.8	49.8	33.9	5.36
Hampton	CAA	104.5	108.1	106.7	109.4	47.8	16.2	34.1	42.7	76.8	50.9	30.6	18.5	69	7.9	8.6	22.4	50.3	27.3	7.7	42.3	36.5	5.36
Hofstra	CAA	98.4	102.9	105.5	108.6	48.9	17.6	25.8	38	77	48	36.5	15.5	67.4	9.2	9.4	22.4	42.9	34.7	8.2	55.6	42.3	5.36
Valparaiso	MVC	106.4	110.2	107.1	106.9	47.7	14	26.5	35.4	77	47.7	30.5	21.8	64.5	9	8.7	18.9	52.4	28.8	5.3	45.2	38.4	5.36
William & Mary	CAA	108.5	112.6	105.8	108.3	54.2	18.3	26.1	35.5	77.7	40.8	39.9	19.3	65.1	11.1	10	19.5	48.7	31.8	8.3	61.8	51.6	5.36
Bucknell	PL	103	107.4	103.7	111	53.8	18.6	25.8	34.1	76.7	48.8	33	18.3	66.1	9.4	10.8	18.6	47.3	34.1	7.8	52.2	40.8	5.36
UT Arlington	WAC	107.7	112.1	104.4	106	51.5	19.1	32.7	33.7	76.8	46.1	34.8	19.1	68	10.1	11.1	19.8	49.6	30.6	8	52.8	42.1	5.36
Abilene Christian	WAC	98.5	102.9	104.8	106.1	47	20.7	29.6	50.7	77.3	59	18.7	22.4	65.9	11	11.1	25.4	51.2	23.4	9.6	51.3	25.2	5.36
Wright St.	Horz	110	114.7	106.5	109.8	56.4	17.8	27.8	34.5	76.6	52.3	33.3	14.4	71	7.8	10.6	18.6	51.1	30.3	7.2	52.3	37.8	5.36
Hawaii	BW	103.6	108.4	106.5	107.4	50.6	20.7	30.9	33.7	78	50.7	26.6	22.7	65.3	7.9	11.4	20.2	52.3	27.5	9.3	49.4	37.5	5.36
Maine	AE	101.7	106.5	103.8	111.5	52.3	15.8	22.2	29.5	77.2	54.2	29.4	16.4	70.1	7.2	8.7	17.2	52.6	30.2	7.1	56	33.8	5.36
Little Rock	OVC	99.7	104.7	102.1	109.9	49.5	20.4	30.4	37.9	78.1	55	27.8	17.1	70.6	7.3	12.3	22.5	42.9	34.6	8.1	52.6	30.3	5.36
Vermont	AE	100.9	106.3	103.8	110.9	49.7	17	26.1	26.9	77.8	46.8	35.4	17.8	66.1	11	9.4	16.9	50.2	33	7.6	49.8	43.3	5.36
Southern	SWAC	100.2	105.4	102.2	110	47.8	18.1	33.8	42.3	76	52.7	26.5	20.8	69.2	12.4	10	22.8	45.9	31.2	8.1	49.4	33.6	5.36
South Dakota	Sum	109.7	115.8	107.5	110.9	50.1	12.6	30	35.2	77.4	48.8	26.8	24.5	65	8.5	6.6	18.7	50.2	31.1	6	38.3	37.5	5.36
Presbyterian	BSth	105.1	110.5	107.4	109.9	51.2	16.3	29.6	39.2	77.5	52.9	29.9	17.2	60.7	8.4	9.6	21.1	52	26.9	6.7	47.4	34.2	5.36
Northwestern St.	Slnd	102.4	107.8	106.5	107.5	48.7	20.4	33.5	32.6	76.4	51	30.1	18.8	68.1	11.6	11.2	19	46.3	34.8	9.2	52.4	35.1	5.36
SIUE	OVC	102.4	106.7	101.9	110.9	48.9	17.1	31.8	33.2	77.2	50.6	30.7	18.6	66.5	8	9.7	19.7	48.1	32.2	7.4	51.4	36.3	5.36
Northern Kentucky	Horz	103.1	108.8	106.5	109.3	49.8	17.3	31	29.3	77.6	49.8	32.8	17.4	64.3	9	9.6	17.1	47.8	35.1	7.6	54.2	40.3	5.36
Pepperdine	WCC	106.3	111.4	108.1	106.4	49.6	16.3	28.1	26.9	78.6	52.1	29	18.9	66.8	8.6	9.1	16.2	51.7	32	7.2	59.7	34.6	5.36
UMass Lowell	AE	108.9	115.2	101.9	109.2	54.6	18.1	26.1	25.2	76.7	55.2	26.5	18.3	0	9.4	10.7	14.5	54.7	30.7	7.4	52.4	34.6	5.36
Manhattan	MAAC	109.3	114.5	101.7	110.4	51.2	16.9	32.2	26	75.1	46.6	34.6	18.8	67.8	11.6	10.4	15.8	49.9	34.2	6.5	57	41.7	5.36
Kansas City	Sum	100.8	106.8	108.4	110.9	48.4	18.7	32.9	35.2	77.5	44.1	36.2	19.7	66	8.1	9.9	20	49.5	30.4	8.8	48.1	44	5.36
Cal St. Bakersfield	BW	107.2	113.3	106.3	107.1	48.3	18.8	35.6	46.6	76.6	52.5	25.7	21.9	67.4	7.5	8.2	24.3	44.7	30.9	10.6	38.1	28.3	5.36
Fordham	A10	105.2	111.6	107	105.3	48.3	18.8	31.2	38.3	76.4	47.9	32.9	19.2	66.7	10.7	10.3	20.5	54.5	25	8.5	52.2	41.4	5.36
La Salle	A10	103.7	109	108	105.7	45.8	15.6	30.8	29.4	76.8	52.6	27.9	19.5	67.3	8.9	8.9	16.2	51	32.8	6.8	44.4	33.3	5.36
UT Rio Grande Valley	Slnd	105	111.1	105	108.5	51.7	19.2	30.8	29.9	76.1	47.4	39.1	13.5	67.6	7.8	10.2	17.8	54	28.2	9	57	49	5.36
Richmond	A10	103.8	109.8	108.2	105.5	48.3	15.3	19.4	36.9	76.6	44.9	35.1	20	65	9.5	9.3	20.2	40.5	39.3	6	51.5	45.8	5.36
UC Davis	BW	97.4	103.7	107.9	107.4	45.9	19.6	27.8	40.2	76.4	47.9	28.4	23.7	68.7	7.3	9.9	23.6	46	30.3	9.7	46.6	35.5	5.36
Toledo	MAC	112	118.4	106.2	108.8	50.5	13.8	29.6	25.4	77.4	56.8	23	20.2	67.8	7.3	8.6	14.2	52.7	33.1	5.2	46.4	28.8	5.36
Missouri St.	MVC	101.5	107.9	109.2	108.3	50.9	20.7	32.1	38.5	75.8	49.8	32.2	18	65.6	11.9	10	20	48.7	31.3	10.7	49.9	37	5.36
Fresno St.	MWC	100.9	108.3	110.4	104.6	46	17.8	26.9	23.2	77.7	50.7	28.1	21.3	69.4	10	9.4	13.4	50.8	35.8	8.4	43.7	35.2	5.36
Jackson St.	SWAC	100.6	108.4	104.6	108.3	47.1	19.6	30.5	31.5	76.2	51.3	26.6	22.1	0	9.3	11.7	17.7	47.7	34.6	7.8	48.2	33.9	5.36
Siena	MAAC	102.9	110.1	103.3	109.9	49.3	17.5	28.9	31.7	77	46.7	31.3	22	66	9.8	10.1	18.7	53.2	28.1	7.4	48.2	40	5.36
Georgia Southern	SB	103.1	110	105.2	110	50.6	19	32.9	43.2	77.3	46.8	38.6	14.6	65.9	11.9	9.8	23.5	46.8	29.7	9.3	50.3	44.3	5.36
Northern Arizona	BSky	105.4	111.8	105.5	111.1	50.5	15.4	32.1	33.1	77.5	50.7	32.9	16.3	67.3	9	8.3	18.3	50.5	31.2	7.1	53	38.2	5.36
Incarnate Word	Slnd	107	114	103.5	109.2	51.7	18.3	34.5	34.2	77.3	52.2	32.3	15.5	69.1	9.7	10.5	18.6	53.8	27.5	7.8	45.7	36.1	5.36
American	PL	102.3	109.5	104	110.4	51.3	16.9	23.9	35.5	76.5	44.5	37.5	18	65.4	9.5	8.6	18.9	53.1	28	8.2	52.4	45.1	5.36
Tennessee St.	OVC	102.7	110	101.5	109.9	51.3	21.1	33.8	39.3	77.7	53.3	25.1	21.6	74.9	8.4	11	21.6	49.4	28.9	10.1	47.3	33.6	5.36
FIU	CUSA	97.6	105.4	107.6	107.3	46.5	19.8	31.2	37.7	76.8	57.1	21.6	21.3	68.2	8	11.7	20.9	47.9	31.2	8.2	47.7	29.6	5.36
Colgate	PL	105.5	113	104	109.7	54.3	16.6	23.6	25.6	77.2	50.3	36.3	13.4	67.8	9.6	10.1	14.4	49.4	36.2	6.6	52.9	42.3	5.36
Mercer	SC	99.8	107.8	106.7	109.1	49	16.6	28.8	32.8	76.4	50.9	32.6	16.6	65.1	9.5	10.9	18.8	42.9	38.3	5.7	46.4	40.1	5.36
North Florida	ASun	110.1	118	106.9	109.2	53.2	15	28	31.1	76.6	40.4	46	13.7	68.7	12.8	9.2	17.2	57.4	25.3	5.8	53.6	54	5.36
North Dakota	Sum	108.1	116.3	108.7	109.3	49.7	16.6	33.7	33	77.5	49.1	31.7	19.1	70.1	9.3	9.6	17.9	49.2	32.9	7	45.1	40	5.36
Evansville	MVC	98.8	106.7	108.7	107.6	48.8	17.7	22.6	34.6	78.3	51.2	30.5	18.3	67.2	7.6	11	20.3	43.3	36.4	6.7	52.6	40.6	5.36
Gardner Webb	BSth	103.6	111.6	108	110.1	51.9	20.7	33.4	37.2	76.7	55.1	25.4	19.5	72.4	8.4	11.3	20.1	51.6	28.2	9.5	39.4	33.1	5.36
Charlotte	Amer	105.3	113.4	107.9	108	48.3	14.8	25.1	36.1	77.4	46.1	29.1	24.8	69.8	10.8	8.1	18.9	54.7	26.4	6.7	52	40.2	5.36
Georgia St.	SB	107	115.2	105.6	108.9	50.4	16.8	32.3	26.3	78.2	53.6	27.7	18.7	65.6	8.5	9.8	15.7	50.1	34.2	7	43.9	33.3	5.36
Harvard	Ivy	101.8	109.5	106	108.3	50.6	17.9	24.8	24.6	76.6	52.3	31.9	15.8	67	9.6	10.3	15.2	55	29.8	7.7	54.4	39.9	5.36
Mount St. Mary's	MAAC	101.1	109	102.7	109.9	51.3	21.5	31	27	76.9	48.6	33.4	18	69.3	9.6	12.9	16.9	46.3	36.9	8.6	59.9	40.2	5.36
Sacred Heart	MAAC	106.5	114.9	102.5	109.8	51.6	17.4	31.3	28.7	76.8	46	38.1	15.8	0	10.7	10.5	16.9	46.7	36.4	6.9	61	44.6	5.36
Iona	MAAC	98.6	107	103.1	110.5	47.5	21.2	39.2	36.5	76.5	53.9	29.4	16.7	69.1	11.4	10.5	20.4	46.7	32.9	10.6	56.9	34.9	5.36
Marist	MAAC	97.9	106.9	101.1	111.6	50.5	18.6	30.3	32.9	76.8	55.6	30.9	13.5	70.6	7	10.7	20.3	49.6	30.1	7.9	55.7	37.4	5.36
Delaware	CAA	109.2	116.8	104.6	107.8	54.5	16.8	22.9	32.1	77.4	49.7	33.1	17.2	68	9.6	8.6	18.2	53.9	27.9	8.2	49.9	39.7	5.36
Navy	PL	102.8	111.6	102.2	110.7	48.3	16.2	31.4	33.4	74.3	49.2	31	19.8	67.6	9.1	8.3	18.5	48.4	33.2	7.9	52.7	37.2	5.36
Albany	AE	103.6	112.6	102.9	110.8	49.2	15.7	32.4	34.7	75.3	54	28.2	17.8	67	12.1	8.4	19	53.1	27.9	7.3	45.5	35.8	5.36
Portland	WCC	106.1	115.1	108.4	106.9	50.1	18	23.9	22.1	78.8	44.8	35.1	20	64.9	9.1	10.7	13.1	50.1	36.8	7.3	61.4	43.6	5.36
Austin Peay	ASun	102.4	111.5	108.4	110.2	48.7	14.8	25.8	36	76.1	47.7	34.8	17.5	65.5	13.4	8.4	19.7	49.9	30.5	6.3	49.5	40.2	5.36
Houston Christian	Slnd	101.8	110.9	105.1	108	49.3	18	26.7	29.3	75.9	46.5	35.8	17.7	68.8	10.1	11.4	16.5	59.1	24.5	6.6	46.1	43.9	5.36
Columbia	Ivy	106.8	116.4	105.1	110.1	52.6	15.4	25.9	25.4	76.8	51.8	31.3	16.9	67.3	10	8.7	14.2	48.5	37.4	6.7	60.1	39.1	5.36
Idaho	BSky	108.6	117.9	105.9	108.6	52.1	17.9	29.2	37.3	76.8	41.6	39	19.4	71.9	11.2	10.2	19.3	50.6	30.2	7.6	48.9	47.7	5.36
Monmouth	CAA	104.1	113	106	107.9	47.1	16.5	29.9	35.5	78.8	47.4	29.8	22.7	68.7	9.8	9.2	20.3	46.9	32.8	7.2	49.4	34.4	5.36
Ball St.	MAC	104	113.3	104.6	111	51.3	16.4	26.4	30.7	77.3	47.9	28.8	23.3	67.3	8.6	9.1	17.7	52.4	29.9	7.3	51.4	37.1	5.36
Texas Southern	SWAC	96.7	106.1	102.4	109.7	47	19.7	30.6	35.9	76.3	51.4	30.4	18.2	66.2	9.6	10.7	20.8	46.2	33	9	51.8	35.7	5.36
Stephen F. Austin	Slnd	95.4	105	105.2	107.9	46.7	22.2	34.6	34.1	77.8	54.1	28	17.9	68.3	9.8	13.2	19.1	49.4	31.5	9	51.4	36.9	5.36
Bethune Cookman	SWAC	98.8	108.8	103.6	108.9	49	20	28.9	32.5	77.4	52.7	26.4	20.8	70.6	10.4	11.2	19.3	51.7	28.9	8.8	52.6	33.9	5.36
Eastern Michigan	MAC	104.8	114.5	105.8	110.3	52.5	18.9	29.9	38.1	77.3	50.3	30.5	19.3	70.8	8.6	10.8	21	47.2	31.8	8.2	47.7	38	5.36
Old Dominion	SB	100.7	111	105.5	109.3	44.1	16.9	36.4	35	78	52.4	27.5	20.1	66.7	10.2	9.9	19.2	52.3	28.5	7	43.6	35.8	5.36
LIU	NEC	95.1	105.5	101.7	112.4	47.7	20.1	32.3	43.5	76.9	56.3	26.3	17.4	63.4	10.2	11.1	25.4	45.6	29	9	44.2	33.4	5.36
Penn	Ivy	104.5	115.5	106.5	107.8	49.4	16.4	26.9	25.8	76.8	46.6	36.4	16.9	70.6	9.7	8.7	15.8	49.1	35	7.7	55.7	44.4	5.36
Lehigh	PL	101.1	111.3	103.6	109.9	51.1	15.6	21.4	33.9	76.2	49.8	32.9	17.3	66.4	8.3	9.2	19.9	53	27.1	6.5	51.3	37.3	5.36
Pacific	WCC	101.8	112.1	109.2	106.7	48.1	19.3	28.8	37.1	77.7	52	28	20	72.9	9	10.4	21.2	47.4	31.5	8.9	49.7	37.8	5.36
Bowling Green	MAC	99.7	110	104.5	111.5	50	17	25.1	30.2	76.2	47.3	32.1	20.6	65.4	12	8.7	18.5	49.5	32	8.3	44	39.8	5.36
Tulsa	Amer	101.2	111.5	106.7	109.1	49.5	17	27.8	32.7	76.7	48.3	33.4	18.3	65.8	11.7	10.6	18.6	53.9	27.4	6.4	54.9	42.8	5.36
Alabama St.	SWAC	101.9	111.7	101.8	110.3	47.3	13.3	27.8	39.4	76.6	45.5	36.2	18.3	0	8.7	7.5	21.4	47.6	31	5.8	43.7	42.9	5.36
Eastern Washington	BSky	102.1	113.1	107.8	109	50.9	18.7	26.9	39.7	77.4	52	28.9	19.1	67.4	7.9	11.6	21.1	48.1	30.8	7.1	52.6	37.6	5.36
Tarleton St.	WAC	93.9	104.5	106.9	105.4	45.9	25.3	28.6	49.4	76.2	54.5	20.7	24.8	65.9	12.2	11.8	25.6	43.8	30.6	13.5	46.8	25.6	5.36
Lafayette	PL	98.7	109.3	103.3	111.6	50.2	16.6	24	26.9	76.1	48.8	33.9	17.4	68.9	6.5	9.5	16.4	49.8	33.8	7.1	59.4	40.3	5.36
VMI	SC	100.7	110.6	106.6	109.3	48.4	17.8	25.2	30.4	76.9	42.4	34.9	22.6	70.6	10.3	10.6	15.5	46.2	38.3	7.2	48.8	46.9	5.36
Southern Utah	WAC	99.1	110	105.3	106.4	46.7	21.6	30.4	33	77.1	53	25.1	21.9	0	8.9	12.6	18.5	59.5	22	8.9	48.5	32.6	5.36
Tennessee Martin	OVC	102.2	113.2	102.1	109.4	47.6	19.5	34.7	33.9	76.9	42.9	37	20	66.7	14.4	11.7	18.6	41.9	39.5	7.8	51.1	47.3	5.36
San Diego	WCC	100	111.2	108	107	45.7	18.4	29.9	46.1	78	52	27.9	20	70.9	9.5	9.8	23.9	44.9	31.2	8.7	45.8	35.8	5.36
Western Michigan	MAC	102	113.1	106	110	47	15.7	34.6	33.7	77.8	57.7	24	18.4	67.8	10.7	8.2	17.8	48.8	33.3	7.6	45.1	32.5	5.36
Weber St.	BSky	102.4	113.3	106.7	109.5	50.7	16.9	24.7	37.5	78.1	51.6	29.4	19.1	62.4	9.9	8.9	20.5	44.1	35.4	8	43	37.5	5.36
Saint Peter's	MAAC	95.3	106.8	103.8	111	44.7	20.6	37	37.6	77.3	45.4	32.4	22.2	70.4	12.3	10.6	22.5	47.7	29.8	10	45.3	38.5	5.36
Southern Miss	SB	98.1	109.4	105.6	108	47.9	19.5	28.1	35.4	76.1	52.7	27.7	19.6	67.2	9.4	11.8	19.9	50.3	29.8	7.7	56.9	36.9	5.36
UMBC	AE	106.8	118.3	102.2	109.7	55.2	15.9	19.4	27.9	76.9	50	33.3	16.7	70	8	9.1	15.2	55.8	29	6.8	50.4	38.4	5.36
Long Beach St.	BW	102.3	114.5	107.3	106.4	49.2	21.7	28.5	35.2	78.3	47.2	31.4	21.4	62.5	8	10.9	19.6	48	32.4	10.8	49.3	37.1	5.36
Utah Tech	WAC	103.1	114.8	105.9	105.5	49.1	18.6	26.6	40.4	75.5	47.9	32.6	19.5	70.5	11.2	11.3	21.3	54.3	24.5	7.3	51.5	40.2	5.36
Charleston Southern	BSth	100.2	112.1	109.1	109	48.7	19.9	31.2	33.3	77.3	46.5	30.5	23	0	10.9	10.9	17.9	60.3	21.8	9	47.5	42	5.36
Boston University	PL	99.4	111.7	102.7	111	50.2	20.6	32.5	32	77.5	48.6	34.3	17	69.2	9.6	11.6	18.6	47.5	33.9	9.1	48.8	41.9	5.36
Air Force	MWC	99.4	112.3	109.9	105.1	50.3	21	23.2	35	78.2	42.8	38.7	18.5	0	12.2	10.5	18.3	52.2	29.5	10.4	62.3	47.8	5.36
Tennessee Tech	OVC	101.4	113.6	102	109.8	50.7	17.4	25	22.2	75.7	43.1	40.1	16.8	72.3	9.5	11.1	14.3	57.5	28.2	6.4	59.3	46.4	5.36
Loyola MD	PL	101	113.4	102.4	110.5	50.1	17.7	28.6	30.2	77.3	50.8	32.4	16.7	67.6	7	10.8	17.5	53.1	29.4	6.9	54.8	39.6	5.36
Delaware St.	MEAC	101.7	114.1	103.4	111.8	48.6	18.2	33.6	40	77.1	60.8	18	21.2	63.9	6.5	9	21.4	48.5	30.1	9.1	45.4	20.8	5.36
Denver	Sum	99.1	111.8	108.8	110.5	50.3	18.5	26.1	49.8	76.3	51.4	29.7	18.9	0	7.7	9.4	25.1	48.1	26.8	9.1	43.5	36.9	5.36
Fairleigh Dickinson	NEC	98.7	111.1	102.7	110.6	49.1	17.1	25.9	30.4	76.2	48	33.1	19	67.4	9.4	9.8	18.6	55.3	26.1	7.3	53.5	41.5	5.36
Howard	MEAC	104.2	117.2	104	110.3	53.7	21.3	28.7	41.3	76.8	48.6	31.5	19.9	67.6	8.1	10.5	23.5	51.6	24.9	10.9	57.2	38.5	5.36
Rider	MAAC	101.2	114.4	103.2	109.9	47.5	17.4	31.6	26.7	76.9	56.5	24.8	18.7	67.9	8.7	9.7	14.6	49.4	36	7.8	50.7	30.8	5.36
Eastern Illinois	OVC	94	107.4	103.5	109.2	44.1	18.7	30	39.7	76.5	54	25.5	20.6	68	11.5	9.4	21.7	42.8	35.5	9.2	46	29.7	5.36
IU Indy	Horz	110	123.4	105	108.6	50.4	15.7	30.6	35.1	76.6	38.5	41.3	20.2	73.3	13.8	8.3	18.7	48.8	32.5	7.3	53.2	47.3	5.36
Louisiana	SB	98.3	111.8	105.3	107.8	45.7	16	25.9	43.8	76.2	49.2	31.6	19.2	71.1	11.5	9.3	23.8	50.4	25.8	6.8	45.2	38.1	5.36
Florida A&M	SWAC	101.4	114.8	102.6	108.1	50.6	21.3	28.1	39.2	77.1	42.7	36.8	20.5	68.4	10.2	11.8	21.1	50.2	28.7	9.5	51.3	46.7	5.36
Holy Cross	PL	102.3	116.2	103.2	109.5	53.1	17.8	23.2	25.4	77.3	46.9	40.1	13	70.1	7.8	9.9	14	54.5	31.5	7.9	48.2	42.3	5.36
North Carolina Central	MEAC	103	116.8	104.3	111	49.9	18.9	34.8	42	76.6	51.6	27	21.4	66.9	8.6	9	21.9	55.2	22.9	9.9	54.6	33.9	5.36
Binghamton	AE	99.2	113.1	103.3	110.9	51.6	19.6	26.9	31.9	78.3	51.1	30.3	18.6	68.4	11.9	11.9	18.9	49.8	31.3	7.7	51.6	36.1	5.36
Alcorn St.	SWAC	98.6	112.8	104	108.6	46.3	19.7	33.8	31.6	75.6	55.5	25.2	19.3	67.9	10.6	10.1	17.8	46.5	35.7	9.6	43.5	30.1	5.36
Saint Francis	NEC	101.3	114.8	102	109.2	52.1	19.7	25.6	29.1	76.3	50.6	34.9	14.5	68.8	9.1	12.4	17.3	48.7	34	7.4	50.4	41.8	5.36
Stonehill	NEC	101.3	115.5	100.9	110.6	51	18.3	26.4	32.7	77.1	44	37.9	18.2	66.4	12.6	10.5	19.1	53.1	27.8	7.8	60.4	44.5	5.36
Niagara	MAAC	101.5	115.7	101.8	109.8	52	18.6	23.6	29.8	76.7	46.8	35.5	17.8	69.3	9.3	10	18.1	49.2	32.7	8.6	51.4	42.8	5.36
Grambling St.	SWAC	95.7	110.8	102.4	109.9	47.5	19.5	26.4	32.3	77.1	51.3	27.5	21.1	68.5	10.1	11.7	19.1	50.1	30.8	7.8	47.4	34.7	5.36
Army	PL	100.5	114.9	103.4	111.1	49.7	14.7	25.8	27.1	75.2	52.4	32.5	15.1	67	8.8	8.7	15	50.4	34.6	6	50.2	41.1	5.36
Morehead St.	OVC	98.2	112.9	102	108.9	45.9	18.4	31.2	34.7	77.4	51.1	27.3	21.6	67.5	9.8	10.2	20.6	52.4	27	8.2	48.1	34.1	5.36
Lindenwood	OVC	94.6	109.4	102.9	110.4	45	17.9	30	34.7	76.9	54.3	24.2	21.6	64.7	11.1	10.4	19.5	49.7	30.9	7.5	42.3	34.6	5.36
Coastal Carolina	SB	101	115.9	104.3	109.2	49.4	18.4	29	36.9	77.7	47.2	33.4	19.5	68.3	10.8	10.2	21.8	49.7	28.5	8.1	49.2	39.2	5.36
Oral Roberts	Sum	103.3	118.2	109.2	109.1	50	16.3	22.6	38.2	75.8	41.7	37.3	21	68.9	10.2	8.4	21.2	48.6	30.3	7.9	39.8	45.7	5.36
East Texas A&M	Slnd	96.8	111.9	106.3	107.6	49.2	22.5	28.1	36.5	76.3	45.4	39.1	15.5	67.1	13.4	13.6	19	51.8	29.2	9	61.6	48.3	5.36
Stony Brook	CAA	102.4	118.2	105.2	108.5	47.7	18.3	29.5	28.4	77.4	46.9	33.3	19.8	66	11	10.8	15	50	34.9	7.5	48.8	39.1	5.36
Morgan St.	MEAC	103.3	119.1	102.4	111.3	49.3	18	34.1	39.3	76.2	62.7	16.3	21	67.5	8.4	10.4	20.2	50.7	29	7.6	44.2	21.7	5.36
Green Bay	Horz	101.2	117.3	107	108.3	50.9	18	18.4	35.4	76.3	42.9	34.9	22.2	71.3	13.5	9.6	18.2	48.9	32.9	8.5	59.3	46.2	5.36
North Carolina A&T	CAA	97.6	113.9	105.5	108.4	45.8	15.4	27	30	76	52.4	28.6	18.9	64.1	9.4	8.4	18.1	51.3	30.6	7	44.4	36	5.36
Fairfield	MAAC	99.7	115.2	102.9	109.2	46.6	15.4	28.8	31.7	76.1	50.5	32.5	16.9	67.6	9.7	9	18.5	51.5	30	6.4	50.6	38.4	5.36
Southern Indiana	OVC	98.8	115.3	102.3	110.1	47.9	17.2	27.9	35.6	76.5	51	29.9	19.1	72	8.2	11	18.9	49.7	31.4	6.2	43.4	33.5	5.36
Western Carolina	SC	95.9	112.9	107.8	107.7	45.4	19	25.8	34	77.3	43.4	38.7	17.9	64.9	9.4	11.5	19.8	46.4	33.8	7.6	48.8	48.2	5.36
Detroit Mercy	Horz	95.6	112.7	107.3	109.4	45.6	19.1	31.9	39.8	77.6	55.9	25.3	18.9	66.2	8.8	10.7	21.8	42.4	35.7	8.4	43.9	28.4	5.36
Sacramento St.	BSky	95.6	113.6	106.3	109.9	48	20.3	27.4	39.2	76.9	46.1	35.8	18.2	64.2	10.6	11.7	20.3	43.1	36.5	8.7	53.3	44.9	5.36
USC Upstate	BSth	98.9	116.3	107.9	108.6	49.8	19	25.3	39.5	76.5	55.8	27.1	17.1	66.6	7.9	10.9	20.3	49.6	30.1	8.1	47.9	36.9	5.36
Buffalo	MAC	96.7	114.3	106.5	109.6	48.8	19.5	24.8	31.2	77.6	47.8	33.3	19	69.8	10.3	11.5	17.2	52.9	29.9	8.1	52.9	44	5.36
Bellarmine	ASun	104.3	121.9	105.8	109.6	53.7	17.4	20.2	34.8	76.5	47.9	36.2	15.9	0	7.4	9.8	18.6	42.6	38.8	7.6	52.4	43.2	5.36
Mercyhurst	NEC	99.1	117	101.3	110.5	48.6	16.4	22.2	38.3	75	47.7	31.9	20.4	68.8	8.2	8.8	19.9	49.1	31.1	7.6	57.5	36.4	5.36
Central Arkansas	ASun	98.2	116.3	107	109.5	47.4	18.2	28.5	22.6	76.9	45.3	36.7	17.9	65.7	12.5	11.2	12.6	40.8	46.6	7	56.1	47.8	5.36
Wagner	NEC	92.4	110.6	100.7	111	43.7	19.4	31.8	39.9	76.6	47.9	32.9	19.3	68.8	9.9	10.9	22.3	44.7	33	8.5	54.8	37.6	5.36
Northern Illinois	MAC	94.8	113	106.1	109.6	47.2	16.3	17.8	44	76.6	39.5	41.3	19.2	64.7	9.9	9.4	22.8	46.2	31	6.9	52.1	49.2	5.36
Western Illinois	OVC	99.5	117.7	101.9	110	50.2	18.2	27.9	30.6	77.2	49.2	34.9	15.8	68.3	7.5	10.2	18.1	52.5	29.4	8	38.3	37.1	5.36
West Georgia	ASun	97.3	115.7	107.1	109.5	47.2	16.2	26.1	36.3	76.4	59.1	23.5	17.4	66.4	7.5	10	18.9	46.3	34.9	6.3	51.1	30.1	5.36
Louisiana Monroe	SB	96.7	115.1	104.9	108.5	45	17.1	29	25.1	78	50.8	29.5	19.7	67.2	9.8	11	14.3	49	36.8	6.1	51.5	33.9	5.36
New Orleans	Slnd	99.7	118.1	107.2	106.4	45.9	18.8	31.6	26.6	75.4	55.7	24.5	19.8	67.8	11.1	11	14.9	49.2	35.9	7.7	50.1	30.7	5.36
Cal St. Fullerton	BW	94.5	113	107.9	105.8	44.2	21.3	25.9	34.1	77.2	51.8	23.6	24.7	67.6	9.4	11.9	19.1	45.2	35.7	9.4	41.5	34.1	5.36
Stetson	ASun	99.9	119.1	106.3	110.6	50.2	18.7	24.1	27.7	77.8	50.1	30.3	19.6	69.3	8.4	11.4	16.5	48.5	35.1	7.3	45.5	37.7	5.36
NJIT	AE	93.6	113.9	103.7	110.2	45.3	18	27.7	38.6	76.6	50.6	31.3	18.1	65.2	10.2	8.7	21	53.2	25.8	9.2	41.9	37.8	5.36
Le Moyne	NEC	101.5	122.1	102.5	109.6	51.5	19.6	25.6	36.9	76.9	48.1	31.3	20.6	67.7	9	10.7	19.8	46.5	33.7	8.9	54.3	41.3	5.36
The Citadel	SC	95.7	117.4	106	109.2	46.9	19.5	27.2	32.8	76.8	47.5	34.6	17.9	64.5	11.6	11.9	18.3	48.4	33.3	7.6	52.2	45.2	5.36
Prairie View A&M	SWAC	96.2	118.3	103.6	108.9	48.1	16.6	24.5	40.6	75	54.1	26.5	19.5	66.2	9.4	8.9	20.1	55.4	24.5	7.8	47.1	33.3	5.36
New Hampshire	AE	94.1	115.7	104.3	110.3	47.1	19	27.4	33	77.2	49.7	34.8	15.5	69.8	13.1	10	17.7	51.5	30.8	9	46.3	40.8	5.36
Alabama A&M	SWAC	92.7	115.6	101.9	111.5	45.1	21.9	34.3	47.7	76.8	45.4	32.2	22.3	67.5	8.6	12.3	23.6	45.5	30.9	9.7	52.9	41.4	5.36
Maryland Eastern Shore	MEAC	95.7	118.8	105.9	109	45.4	20	27.1	40.6	76.8	49.2	29.8	21	66.4	8.9	10.9	20.7	51.7	27.5	9.1	45.6	37	5.36
Canisius	MAAC	99.4	122.4	103.4	108.2	51.2	18.5	18.3	31.4	76.9	47.3	37.9	14.7	66.3	9.9	9.3	17.4	50.4	32.3	9.2	47.7	41.4	5.36
Chicago St.	NEC	92.3	116.6	104.9	108	44.4	18.5	22.6	36.9	77.1	47.7	34.8	17.5	65.2	8.9	9.9	19.5	49.5	31	8.6	48.5	40.9	5.36
Coppin St.	MEAC	87.6	112.6	106	110.3	43.8	21.4	26.3	37.6	76.8	52.7	25	22.3	67.9	13.1	11.3	19.4	50	30.7	10.1	51.1	32.5	5.36
Arkansas Pine Bluff	SWAC	95.5	121.7	101.4	110.2	50.3	20.4	26.3	40.5	77.1	54.5	29.4	16.2	64.4	9.2	12.7	20	45.8	34.2	7.7	52.2	37.9	5.36
Mississippi Valley St.	SWAC	83	125.3	104.3	107.8	42.1	24.3	22.7	38.4	76.1	55.4	25.2	19.4	69.3	10.5	14.5	18.4	51	30.6	9.8	41.7	30.6	5.36
team_name	Conerence	AdjO	AdjD	SOS AdjO	SOS AdjD	eFG%	TOV%	ORB%	FTR	Hgt	2P%	3P%	FT%	Tempo	Blk%	Stl%	Def FT%	Def 2P%	Def 3P%	NST%	A%	3PA%	HomeAdvantage
Duke	ACC	129.2	89.6	112.8	103.6	57.8	14.3	35.6	25.6	79.8	45.1	37.3	17.6	67.8	9.6	8.1	17.4	49.8	32.8	6.2	58.8	45.2	5.36
Auburn	SEC	130.2	94.3	117.5	99	56.1	13.2	34.7	39	78.4	48.7	33.1	18.2	67.9	7.6	8.6	23.5	51.1	25.4	4.6	55.4	40.6	5.36
Houston	B12	124.2	89.1	113.5	100.5	52.7	14.6	36.8	35.2	76.9	51.8	32.2	16	69.6	6.6	7.5	21.4	42.6	36	7.1	45.8	33.9	5.36
Florida	SEC	127.3	92.7	114	101.2	54.6	15.1	38.1	31.9	77.8	47.7	35.2	17.1	71.4	8.7	8.9	20.1	50.8	29.1	6.2	52.7	43.8	5.36
Tennessee	SEC	119.3	88.5	116.4	101.9	52.9	16.1	35.5	28.3	77.2	47	34.3	18.7	66	9.2	8.9	19.1	45.9	35	7.2	61.1	43	5.36
Alabama	SEC	127.3	97.5	118.3	99.5	56.5	16.9	35.4	32.9	78.1	45.3	34.2	20.5	67.8	12.4	10.3	19.7	53.3	27	6.7	54.5	46.2	5.36
Texas Tech	B12	125.3	96.7	111.7	101.4	55.8	15	33.9	33.6	76.6	45.7	37.5	16.9	64.2	7.8	9.1	19.5	52.9	27.5	6	58.4	44.3	5.36
Gonzaga	WCC	125.1	97.9	111.2	104.8	56.4	13.5	33.2	28.8	77.3	55.8	26.2	18	69.8	8.2	7.4	18.1	49.8	32.1	6.1	61.9	34	5.36
Michigan St.	B10	118.6	91.6	114.4	101.9	51.2	16.7	35.9	32	78	55.6	22.2	22.2	69.1	7.9	8.7	20	49.5	30.5	7.9	62	32.6	5.36
Wisconsin	B10	123.1	97.6	114.4	101.8	54.3	14.3	28.2	27.1	78	43.1	36.4	20.5	71.1	11	7.1	16.6	50.1	33.3	7.1	54	47.4	5.36
Iowa St.	B12	118.6	92	113.5	101.6	53.9	16.7	31.9	28.9	77.9	50.2	27.8	22	65.8	9.2	10.3	18.3	48.9	32.8	6.4	54.6	36.5	5.36
Maryland	B10	117.9	92.4	113.3	103.2	54	15.1	31.5	26	77.5	51.6	29.8	18.6	67.7	6	7.1	16.9	53.8	29.3	7.9	49.6	35.6	5.36
Arizona	B12	122.3	97.4	114.9	99.9	52.6	16.3	36.5	29.1	77.9	53.4	24.9	21.6	66.3	6.5	9.3	17.7	47.1	35.2	7	58.4	35.1	5.36
Purdue	B10	124.9	99.8	116	100.4	57	15.8	30.4	31	77.2	50.1	31.8	18.1	68.9	8.8	9.1	17.8	51	31.2	6.7	58.2	38.2	5.36
Missouri	SEC	126	101.7	113.5	101.5	56.5	15.2	33.4	34.9	78.3	44.8	32	23.2	66.4	10.3	9.2	20.9	49.1	30	6	49.5	42.1	5.36
Kentucky	SEC	125.6	100	117	99.6	56.3	15	29.2	31.1	78.5	46.9	34.3	18.8	62	8	8.5	18.2	49.1	32.7	6.5	56.8	42	5.36
St. John's	BE	114.2	89.3	111.8	103.3	49.5	15.8	38	30.6	78.2	59.3	22.9	17.8	70.6	8.6	9.4	18.2	47.5	34.3	6.4	53.7	30.8	5.36
Illinois	B10	121.9	97.4	115.3	99.6	52.3	15.7	35.6	26.9	78.8	46.4	33.6	20	66.6	8.6	8.5	17.1	56.9	25.9	7.2	51.7	47.3	5.36
Clemson	ACC	120.4	96.1	111.8	104.2	54.3	15.6	34	27	77.9	49.7	33.9	16.4	68.2	7.9	9.1	15.9	51.5	32.5	6.5	53.1	38.8	5.36
Texas A&M	SEC	116.9	92.2	116	99.8	47.6	18.3	42.2	35	77.5	49.1	27.8	23.1	65.9	14.7	11.8	21.9	39.6	38.5	6.5	47.9	37.4	5.36
Saint Mary's	WCC	116.9	93.4	111.3	106.2	51.2	14.8	40.2	25.5	78.4	54.8	27.7	17.5	69.3	7.3	8	17.1	55.8	27.1	6.8	58	33.8	5.36
Kansas	B12	116.2	92.3	114.9	99.8	53.2	16.6	30	27.5	78	58	28.1	13.9	65.3	8.9	10.5	17.9	48.9	33.2	6	60.9	33.7	5.36
BYU	B12	122.9	100.3	111.7	101.8	57.5	17.6	33.2	29.8	78.4	45.4	39.1	15.5	64.3	7.7	9.4	17.3	45	37.7	8.2	59	47.9	5.36
Louisville	ACC	118.6	95.6	112.8	103.5	53.7	16.3	32.2	26.5	78	44	36.5	19.5	68.3	9.4	9.1	16	50	34	7.2	52.4	48.8	5.36
Mississippi	SEC	118.9	96.9	115.3	100.1	51.3	12.6	25.6	39.2	76.2	47.1	32.4	20.5	64.9	11.3	8.2	21.6	44.4	33.8	4.4	54.7	40.2	5.36
Marquette	BE	118.1	96.1	113.4	101.7	52	13.5	31	29.9	78.3	48.1	36.5	15.4	68.3	9.1	8.2	17.9	50.8	31.3	5.2	50.3	46.1	5.36
UCLA	B10	117.1	94.6	114	102	53.5	16.2	32.5	35	78.1	53.1	29.2	17.7	64.6	6.9	8.7	20.9	45.3	33.8	7.5	60.6	35.7	5.36
Michigan	B10	116.5	95.5	114.1	100.9	55.4	20.1	33.4	27.6	79.1	49.3	32.1	18.6	67.4	7.1	10.6	17.4	50.4	32.2	9.6	57.6	42.4	5.36
VCU	A10	117	96.5	107.5	106.8	52.7	16.7	36.9	36.7	78	44.2	37.4	18.5	67.8	7.3	9.7	22.6	49.4	28	7	56.7	47.2	5.36
Baylor	B12	120.8	100.4	114	98.7	51.6	16.6	35.7	34.2	77	47.7	33.8	18.5	70.6	11.5	9	18.7	47.2	34	7.6	54.1	40.9	5.36
Oregon	B10	117.8	97.9	114.8	101	52.1	15.9	31.1	27	77.5	49.6	30.8	19.6	70.6	9.2	8.7	16.7	52.6	30.8	7.2	54.5	38.7	5.36
Mississippi St.	SEC	119.4	99.6	115.6	100.8	51.7	15.1	34.4	34.6	77.2	51	31.2	17.8	64	8.8	8.7	18.8	43.2	38	6.4	53.6	41.9	5.36
Georgia	SEC	115.9	96.2	114.1	100.8	52.5	18.9	36	30	78.9	51	27.3	21.7	66.1	9.6	11.9	19.1	49.1	31.7	7	47.7	36.5	5.36
Ohio St.	B10	118.5	99.4	115.2	100.6	53.8	15.6	28.7	40.5	76.7	48.7	31.3	20	68	8.9	6	24	49.4	26.6	9.6	48.1	37.7	5.36
Creighton	BE	117.2	98.2	112.5	101.5	56.2	18.3	26.5	17.3	78.9	45.8	38.4	15.8	63.6	10.7	12.1	11.9	55.8	32.3	6.3	64.3	49.7	5.36
Connecticut	BE	122.3	103.3	112.2	102.7	55.5	17.3	36	39.7	78.2	48.4	33.4	18.3	66.5	9.1	8.8	23.1	48.4	28.5	8.6	65.1	42.8	5.36
North Carolina	ACC	119.8	101.5	113.9	102.2	54.5	15.1	29.4	29.7	76.4	52	28.9	19	65.9	10.4	8.5	18.2	49.6	32.2	6.6	50.4	36.8	5.36
UC San Diego	BW	115.5	97.7	106.1	108.3	55.4	13.4	25.7	30.1	77.6	41.5	40	18.5	67.5	9.7	6.9	18.8	43.9	37.3	6.5	56.4	49.4	5.36
Arkansas	SEC	113.2	95.5	115.1	101.6	52.8	16.4	27.4	29.3	78.7	52.5	27.9	19.6	65.3	7.1	9.3	18	49.9	32.1	7.1	53.4	36.6	5.36
New Mexico	MWC	113.5	95.9	109.7	103.4	51.3	15.8	31.3	35.4	78.5	53.7	25.8	20.4	67	9.6	9.5	19.1	48.9	31.9	6.3	51.7	32.5	5.36
Oklahoma	SEC	119.2	101.4	114.6	100.6	54.8	17.5	26.9	36.1	77.2	45.1	32.5	22.4	66	10.8	10.3	20.7	49.7	29.6	7.2	52.4	41.8	5.36
Xavier	BE	115.1	98	111.5	102.6	53.6	16.1	25.4	28.4	77.3	46.9	31.5	21.6	67.8	11.5	8.4	16.8	52.8	30.4	7.8	64.3	37.3	5.36
Vanderbilt	SEC	118.9	102.4	114	101.3	51.9	14.8	32.4	38.3	76.5	49.5	31	19.5	67.4	11.5	8.2	20.6	47.9	31.5	6.6	50.3	40.4	5.36
Texas	SEC	116.3	99.8	114.2	101.3	52.8	14.7	30	37.4	78	50.3	29.6	20	65.5	7.7	8.4	21.3	49.1	29.6	6.3	48.2	36	5.36
Indiana	B10	114.9	98.1	114.9	101.7	51.6	16.8	31.5	29.7	78.9	55.5	25.6	18.8	64	8.4	9.7	17.8	50.8	31.4	7.1	57.6	33.6	5.36
Northwestern	B10	114.6	98.4	114	101.9	49.9	14.6	30.9	36.3	78.3	53.4	28.1	18.5	63.1	8.7	8	21.3	47.6	31.1	6.6	55.5	34	5.36
San Diego St.	MWC	110.8	94	111.6	103.3	50.8	16.7	29.9	37.4	78.1	51.3	31.3	17.4	68.7	8.4	8.9	22.4	41.3	36.4	7.9	50.4	39.2	5.36
Memphis	Amer	114.1	98.1	111.9	105.5	54.3	19.3	34	32.9	76.4	50.8	29	20.2	65.8	9.4	10.7	19.3	48.3	32.4	8.6	51.8	33.9	5.36
SMU	ACC	118.2	102.6	110.6	105	54.9	17.1	37.2	32.2	78.2	50.8	29.7	19.5	71.6	10.1	9.2	20	46	34.1	7.9	55.3	35.5	5.36
Nebraska	B10	114.3	98.4	114.2	101.7	52	16.5	26.8	27	78.3	50.5	29	20.5	67.7	8.9	8.4	15.9	44.9	39.2	8	52.3	38.4	5.36
Boise St.	MWC	116.8	100.9	109.4	104.2	52.6	16.7	33.1	31	78	48.3	29	22.7	66.3	10.1	7.9	17.8	52.2	30	8.7	56.4	41.7	5.36
Colorado St.	MWC	116.4	100.6	109.3	104.3	55.6	17.5	26.8	33.3	77.1	48.2	34.1	17.6	66.1	8.2	9	18.8	49.9	31.4	8.4	62.9	42.9	5.36
West Virginia	B12	109.9	94.2	113.6	100.2	50.1	16	25.7	31.9	77.3	46.2	38.3	15.5	66.1	9.3	8.3	20.3	51.6	28.1	7.7	56.5	46.3	5.36
Cincinnati	B12	111.2	96.3	112.7	101.6	51.2	15.2	32.2	24.2	78.6	55.7	31.2	13.1	69.6	8.2	8.7	16.1	55	28.9	6.5	50.8	37.9	5.36
Santa Clara	WCC	116.7	101.8	110.2	105.6	55.7	16.9	32.6	32.4	78.4	44.3	39.8	15.9	68.6	10.9	8.5	19.2	50.9	30	8.4	58.6	46.5	5.36
Villanova	BE	119.8	104.8	110.9	103.2	55.3	15.5	30.3	30.5	77.3	44	39.4	16.6	68.2	8.3	8.1	17.2	43.4	39.3	7.4	49.6	43.8	5.36
Utah St.	MWC	121.2	106	109.1	104.1	56.6	15.8	33.9	33.8	77.3	48.2	32.9	18.9	68.9	9.5	9.9	19	45.9	35.2	5.9	61.7	41.8	5.36
Pittsburgh	ACC	117.2	103.2	112.6	103.7	52.6	14.7	29.1	33.3	78.5	46.5	33	20.5	67.5	8	8	19	46.6	34.4	6.7	51.5	41.5	5.36
McNeese	Slnd	114.8	101.1	105.7	107.7	53.2	16.5	35.7	32.1	77	51.4	29.9	18.7	66.7	8.9	9.6	19.2	42.3	38.5	6.9	50.2	36.7	5.36
USC	B10	116.9	104.2	113.6	101.7	54.6	17.5	27.6	35	78.4	52.3	27.9	19.9	0	9.3	10	20.1	50.7	29.1	7.6	57.1	34.4	5.36
Drake	MVC	112.9	99.5	107.7	108.3	53.9	18.7	35.9	35.9	77.3	50	28	22	0	7.7	8.6	20	51.2	28.8	10.1	54.2	36.9	5.36
Kansas St.	B12	110.5	98	112.5	99.9	50.7	17.8	29.7	29	77.3	51.1	33	15.9	69.3	10.1	10	17.9	54	28.2	7.8	59.9	40.3	5.36
North Texas	Amer	110.8	98.3	109.1	108	52.6	17.5	32.8	38.1	77.2	47.6	31.3	21.1	69.7	9	10	23.5	48.7	27.9	7.4	45.5	37.9	5.36
San Francisco	WCC	112.2	99.8	109.6	106.7	53.2	16.8	28.6	35.4	77.5	46.7	34	19.3	68.3	7.8	9.4	20.4	55.1	24.5	7.5	52.2	44.1	5.36
UC Irvine	BW	107.5	95	107.3	107	51.5	18.3	28.2	22	77	50.1	27.6	22.3	61.2	7	9.2	15	50.4	34.6	9.1	60.2	34.7	5.36
Penn St.	B10	115.1	101.4	112.6	103.1	54.1	17.4	28.6	29.4	78.1	51.9	27.2	21	72.9	8.7	10.4	17	50.6	32.4	7	57.8	36.2	5.36
Arizona St.	B12	113.3	101.9	115.1	99.4	51.7	17.5	25	31.5	78.2	44.1	35.7	20.2	67.5	11.4	10.7	19.1	49.1	31.8	6.8	51.3	42.8	5.36
Liberty	CUSA	110.8	98	106.4	106	57.4	15.4	18.8	25.2	75.7	44.1	40.6	15.4	65.4	8.8	9	17	57.5	25.5	6.4	60.8	47.7	5.36
Utah	B12	113.3	102	112.3	101.8	52.1	18.1	34.7	32.9	79.5	47.2	34.3	18.6	72.4	13.3	10.6	19.3	47.2	33.5	7.6	66.5	44	5.36
Saint Joseph's	A10	112	101.5	106.9	106.4	53.2	16.7	29.5	26.4	77.4	44.6	37.1	18.3	64.3	8.6	9.8	17.5	54.2	28.3	6.9	57.7	46.4	5.36
South Carolina	SEC	110.9	99.3	115.5	101	49	18.4	30.3	30.5	77.6	47.3	28.5	24.2	69	13.9	11.6	17.3	53.7	29	6.8	55	39	5.36
Dayton	A10	116.9	105.7	108.8	104.1	53	15.6	30	30.2	76.2	46.3	32	21.7	70	10.1	9	18.2	48.7	33.1	6.6	59.6	40.4	5.36
Iowa	B10	118.6	107.4	113.5	102.3	56.3	14	25.4	27.2	78.1	50.4	35.3	14.3	67.4	7.9	8.6	14.7	53.9	31.4	5.4	60.1	41.1	5.36
Yale	Ivy	115.7	104.4	106.6	109.4	54.7	14.7	33.9	29.5	77.8	54.8	27.5	17.7	70.1	7.7	8.4	18.8	41	40.2	6.3	54.2	31.9	5.36
Butler	BE	116.9	106.3	112.6	101.7	53.3	16.4	26.8	21.6	78.9	45.6	33.3	21.1	67.4	10.3	10	14.1	55.7	30.1	6.4	56.1	40.5	5.36
Rutgers	B10	116.5	105.5	114.2	100.5	50.9	15.5	30.8	29.6	78.7	50.7	28.8	20.5	66.2	8.9	8.1	16.3	51.8	32	7.4	47.8	36.5	5.36
Nevada	MWC	113.2	103.1	109.8	104.2	54.2	15.8	27.1	37.3	79	51.4	29	19.5	68.6	7.8	8.8	20.8	42	37.3	7	59.3	37.2	5.36
UCF	B12	115.2	104.6	111.9	100.2	48.7	17.1	32.7	30.8	78.1	45.4	32.3	22.3	68.2	10.4	9.9	18.1	52.5	29.5	7.2	52.4	40.9	5.36
Wake Forest	ACC	109.3	97.9	111.6	103.5	49.9	16.7	27	31	77.8	54.1	24.3	21.6	69	7.3	9.4	20.1	44.4	35.6	7.4	46.3	35.2	5.36
Oregon St.	WCC	116.7	107.3	107.8	106.8	54.6	16.6	31.8	32.3	77.8	49.9	28.1	21.9	67.9	7.4	8.9	18.6	47.2	34.2	7.7	55.2	35.9	5.36
LSU	SEC	110	100.5	114.7	101.1	51.3	18.6	29.7	29.9	77.1	49.6	31.9	18.4	67.1	9.7	11.4	18.2	53.1	28.8	7.2	49.3	43.4	5.36
TCU	B12	106.4	97.6	114	100.8	46.9	17.2	32.4	27.7	77.8	54.1	26.9	18.9	64.6	9.1	9.1	16.7	50.6	32.7	8	50.5	34.7	5.36
Georgetown	BE	109.1	99.9	110.6	104.1	50.6	17.3	32	29.2	78.6	54.7	30.2	15.1	65.2	9.6	10.3	18.4	48.5	33.1	7	53.7	37.5	5.36
Stanford	ACC	111.3	102.4	110.2	104.7	49.9	15.9	31.4	36.3	78.7	47.4	33.5	19.1	69.8	7	8.2	21.4	51.9	26.7	7.7	54	41.5	5.36
Lipscomb	ASun	113.2	104	106.1	110.7	56	14.5	24.3	21.8	76.7	44.4	37.8	17.8	65.5	10.3	9.1	13	55.7	31.2	5.3	54.7	47.1	5.36
High Point	BSth	119.2	110.1	104.9	110.4	56.7	15.5	34	37	77.1	49	30.3	20.7	69.4	8	7.4	21.1	50.3	28.7	8.1	45.5	39.2	5.36
George Mason	A10	105.2	96.1	107.5	107.3	51.2	19.9	31.8	30.8	77.5	49.3	27.9	22.8	63	9.9	10.8	19.5	43.9	36.6	9.2	51.8	36	5.36
Arkansas St.	SB	110.2	101.6	105.2	108.3	49.2	14.9	34	36.5	76.9	46	33.9	20.1	66.4	10.6	8.7	21.7	50.4	27.9	6.2	50.3	44.3	5.36
Minnesota	B10	111.3	102.6	113.4	102.1	50.3	16.4	30	32.8	77.6	53.7	29.3	17	64.2	9.7	8.5	19.8	51.2	29.1	7.9	61.9	36.2	5.36
Florida St.	ACC	109.8	101	111	104.5	51	17.5	30	37.5	79.3	53.3	25.1	21.6	67.5	7.1	8.9	22.1	44.7	33.2	8.7	50.3	34.1	5.36
UNLV	MWC	108.7	100.5	110.6	104.2	50.4	16.3	26.9	32.6	77.9	52.4	27.9	19.6	69.9	8.7	8.3	19	47.5	33.6	7.9	48.5	34.3	5.36
Bradley	MVC	112.5	104.8	108	108.2	57	17.3	26.6	35.1	77	45.7	36.5	17.7	66.1	7	10.5	21.1	44.3	34.6	6.8	52.4	41.7	5.36
Notre Dame	ACC	113.1	105.8	111.3	104.5	52.5	16.4	29.9	30.8	77.8	49.8	31.6	18.6	67.4	9.2	8.9	18.4	50.9	30.6	7.5	44.6	37.7	5.36
Colorado	B12	108.5	100.3	113.4	100.7	50.8	21.2	28.9	34.2	78.9	51.1	28	20.9	69.2	10	12.1	19.7	47.8	32.5	9	58.6	37.5	5.36
Georgia Tech	ACC	107.8	101.5	110.8	105.1	50.4	17.4	30.6	28.8	78	52.2	30.3	17.5	66.7	9.4	9.9	17.5	47	35.6	7.5	55.6	36.5	5.36
Providence	BE	112.9	105.6	112.4	102.6	52.5	19	32.3	33.4	77.1	44.2	39.2	16.7	68.6	9.7	10.8	19.7	50.1	30.2	8.2	51.5	45.5	5.36
Grand Canyon	WAC	106.2	100	103.5	107.2	50.8	18.9	32.2	31.3	78	51.9	24.4	23.7	69.2	9.2	9.8	20	52.7	27.2	9.2	52.5	33.9	5.36
Virginia	ACC	111.4	105.9	111.9	103.1	53	16.5	22.7	28.3	78.3	45.8	38.3	15.9	65.1	9.1	9.6	17.3	49.8	32.9	6.9	64.3	42.8	5.36
Oklahoma St.	B12	108.6	101.8	113.3	101.7	48.1	18.6	30.8	36.5	77	49.2	26.7	24	68.8	11.3	10.8	19.5	45.7	34.8	7.9	51.9	35.2	5.36
Akron	MAC	112.8	106.8	105.2	109.5	55	17.1	32.9	34	75.1	47	38	14.9	69	7.4	10.1	20.1	50.9	29.1	7	59.3	45.4	5.36
Northern Iowa	MVC	110.3	104.5	107.7	107.6	55.5	15.9	25.6	28.3	78	52.4	29.6	18	65	7.6	10.1	16.2	47.9	35.9	5.8	52.5	35.9	5.36
St. Bonaventure	A10	107.1	101.3	107.7	106.9	50.7	16.1	27.9	24.8	78.3	54.9	26.7	18.4	0	9.4	9.3	15.5	45	39.5	6.8	42.7	34.9	5.36
CSUN	BW	110	104.6	105.6	108.1	51.9	18.6	35.2	45.4	77.4	54.8	25.2	20.1	65	7.6	10.3	25.8	34.2	40	8.3	56.3	30.9	5.36
Saint Louis	A10	109.8	104.5	108.5	105	56.1	18.7	23.9	24.4	76.9	44.7	39.9	15.4	64.4	12	10.8	15.3	50.5	34.2	7.9	57.4	50.2	5.36
Samford	SC	113.3	108.8	106.1	108.7	54.6	18.3	34.6	41.8	76.5	44.2	39.7	16.2	66.1	10.3	11.7	21.6	44.6	33.8	6.6	55.9	46.7	5.36
North Alabama	ASun	112.8	107.6	104.9	111	52.2	12.6	33.3	26.7	75.9	53.5	29.4	17.1	69.3	9.1	7	15.5	49.7	34.8	5.5	42.7	35.1	5.36
UAB	Amer	117.5	112.2	106.1	108.4	51	13.7	38.7	30.3	76.8	57.4	23.5	19.1	65.9	7.6	7.9	17.5	53.5	29	5.8	53.2	28.7	5.36
George Washington	A10	107.4	102.2	105	107.3	50.3	18.4	32.2	26.2	77.7	48.1	29.8	22	66.4	13.2	11.6	16.5	51.8	31.7	6.8	55.6	41.5	5.36
UNC Wilmington	CAA	113.1	108	105.3	109.9	52.6	16.3	35.7	30.3	78	51.8	27.5	20.6	70.3	9.7	8.7	16.7	48	35.4	7.6	54.8	36.1	5.36
Washington	B10	109.6	104.5	114.2	101.4	50.8	17.8	27.8	35.6	77.9	51.4	29.7	18.8	71.3	11.6	9.7	20.3	51.6	28.1	8	50.6	35.8	5.36
Chattanooga	SC	116	110.7	105.2	108.1	56.6	15.4	25.6	33.7	76.2	45.9	36.3	17.8	64.5	8.6	9	18.8	47.1	34.1	6.4	61.7	45.6	5.36
Troy	SB	106.9	101.6	105.4	108.8	49.8	20.3	38.8	28.9	77.8	46.8	32.4	20.8	67.5	10.2	11.4	18	50.1	32	8.9	56.4	45.2	5.36
Jacksonville St.	CUSA	109.7	105.5	107.8	106.1	49.5	15.7	30.6	28	77.6	50.5	30	19.5	74.9	8.8	8.8	17	46.8	36.2	6.9	42.5	36.7	5.36
California	ACC	111.7	107.2	111.7	104.8	47.9	16.5	34.4	32.4	76.9	47.7	29.2	23	71.2	10.6	9.4	18.4	53.1	28.5	7	42	37.9	5.36
Utah Valley	WAC	106.7	102.7	105.6	107.5	50.6	17	30.9	30.9	78.1	54.7	23.5	21.7	66	9.8	9.5	18.6	52.4	29	7.5	57.7	30.9	5.36
South Alabama	SB	107.8	103.7	104.5	109.2	51.1	14.5	27.8	23.8	76	45.8	35.5	18.7	70.2	10.5	8.8	14.6	33.7	51.7	5.7	57	46.6	5.36
Florida Atlantic	Amer	113	108.9	108.9	105.7	53.7	16.7	30.1	32.3	77.6	49.5	32.9	17.6	69.9	8.3	11	19.2	48.6	32.2	5.7	56	40.4	5.36
Middle Tennessee	CUSA	110.1	105.7	107.4	104.8	50.9	16.6	30.7	30.5	77.2	52	30.3	17.7	67.1	9.7	9.5	18.9	52.2	28.9	7.1	46	39.1	5.36
Syracuse	ACC	111.9	107.2	112.2	103.9	51.5	17.8	31.4	32.2	77.7	55.4	26	18.6	67.3	8.8	11.2	17.9	51	31.1	6.7	50.5	32.8	5.36
N.C. State	ACC	107.9	104.1	111.7	104.7	48.3	14.4	28.8	32.2	77	51.4	29.1	19.5	65.7	8.4	7.7	19.4	54.1	26.5	6.7	51.6	36.2	5.36
St. Thomas	Sum	114.8	110.8	107.1	110.8	58.1	13.9	21.6	35.5	76.4	43.7	37.8	18.5	70.3	10	7.2	20.4	46.4	33.3	6.6	52.4	46.4	5.36
New Mexico St.	CUSA	104.3	101.1	107.4	105	46.1	15.7	32.2	38.7	76.4	50.2	29.6	20.2	66.2	10	8.9	22.5	46.7	30.8	6.8	45.5	37	5.36
Washington St.	WCC	112.1	108.1	109.9	106.1	56.7	20.5	31.8	32.7	78.4	49.8	33.5	16.7	63.1	8	11.1	18.5	50.2	31.3	9.4	59.2	41.7	5.36
Wichita St.	Amer	107.9	104.5	108.3	106.6	49	16.2	32.4	27.7	76.6	59.4	20	20.6	60.5	10.4	9.9	15.5	50.7	33.9	6.3	44.3	27.9	5.36
Belmont	MVC	112.8	109.5	107.4	107.4	54.8	15.9	27.2	27	78.1	45.7	39.8	14.5	66.4	9.9	9.9	15.4	48.6	36	6.1	60.1	44.6	5.36
Louisiana Tech	CUSA	110.2	106.3	106.3	105.4	52.8	19.1	29.2	31.5	77	46.6	33.3	20.1	65.4	8.7	10.8	18.7	50.3	31	8.3	58.7	42.3	5.36
Loyola Chicago	A10	108	103.6	106.7	106.9	53.4	17.8	29.2	32.9	77.8	48.3	35.1	16.5	65.2	9.6	9.8	19.8	47.2	33.1	8	61	42.6	5.36
Kent St.	MAC	107	103.7	106.2	109.8	48.7	17.4	36.5	40.2	75.4	52.2	28.5	19.3	64.2	8.7	9.4	23.8	45.6	30.5	8	47	37.7	5.36
DePaul	BE	110.1	106.5	111	103	52.4	17.7	27.6	28.9	77.2	45.8	38.4	15.8	72	10.5	10.2	16.4	53.8	29.8	7.5	60.4	46.4	5.36
UNC Greensboro	SC	107.8	105.9	107.1	109.3	50.7	15.3	31.1	34	76.2	44.9	37.3	17.8	65.9	7.3	8.8	20.5	46.1	33.4	6.6	48.5	42.4	5.36
North Dakota St.	Sum	115.8	113.1	108	111.1	58.2	15.6	26.2	27.1	76.5	36.9	45	18.1	61.2	9.3	8.8	15.6	51.3	33.1	6.8	55.2	53.6	5.36
Wofford	SC	112.6	109.1	107.5	107.8	52.7	17.4	35.7	35.8	76.4	45.8	38.4	15.8	64.1	9.6	9.8	19.1	44.1	36.8	7.6	55.5	47.4	5.36
UC Riverside	BW	110.6	108.3	108.1	106.2	49.4	16	32.6	33.2	77.1	46.6	35.2	18.2	66.9	8.7	7.5	19.5	50.3	30.2	8.4	47.8	42	5.36
East Tennessee St.	SC	107.5	105.5	106.3	109.6	50.2	16.1	35.7	34.4	76.7	46.5	35.5	18	66	10	8.9	18.6	47.3	34.1	7.2	50.7	41.8	5.36
Northern Colorado	BSky	112.1	109.4	106.2	110.2	57.1	15.5	24.8	34.1	77	52	30.5	17.5	66.2	9.4	8.8	19.2	52.7	28.1	6.7	53.5	38.5	5.36
Duquesne	A10	106.9	104	107.6	105.7	50	18	32.9	40.3	76.8	46.8	36.8	16.4	69.5	10.3	9.6	22.4	47.7	29.9	8.4	55.1	43	5.36
South Dakota St.	Sum	110	107.6	108.5	110.4	53.6	17.6	33.6	29.9	77.2	50.1	31.9	18	64.7	7.5	10.2	18.3	43.8	37.9	7.4	49	40	5.36
Cornell	Ivy	114.4	111.6	106	109	58.3	16.9	26	31.4	77	45	39.4	15.6	69.7	6.8	9.2	17.4	50.8	31.8	7.8	61.3	48.5	5.36
Kennesaw St.	CUSA	105.9	103.1	107.7	104.8	48.9	20.1	32.7	42.9	77.6	45.3	32.6	22	69.2	11.7	11.8	24	47.3	28.7	8.2	50.1	45.6	5.36
Seattle	WAC	105.4	103.2	105.6	105.6	46.7	16.8	30.4	37	76.7	47.3	28.3	24.3	68.5	11.4	9.7	20.4	49.8	29.7	7.1	50.3	36.8	5.36
Davidson	A10	110.4	108.6	106.9	106.4	52.3	14.6	24.8	28	78.4	48.9	33.7	17.4	66.1	9	8.8	15.8	50.8	33.4	5.8	57.1	41.8	5.36
Western Kentucky	CUSA	104.6	103.8	107.4	104.7	48.3	15.5	23.1	40.1	76.2	48.1	32.5	19.4	66.8	11.5	9.4	23.7	43.6	32.7	6.2	44.8	40.1	5.36
Illinois St.	MVC	112.5	110.5	108	107.9	56	15.8	24.6	31.4	76.2	44	39	17	68.7	8.9	8	18	46.3	35.8	7.8	54.3	47.5	5.36
Murray St.	MVC	106.9	104.9	108.2	106.7	49.4	17	29.1	35.5	77	45.3	31.5	23.2	65.4	10.3	8.9	20.4	55.5	24.1	8	48.9	40.1	5.36
UC Santa Barbara	BW	110.2	108.7	104.8	108	55.9	18.5	27.4	31.8	77.8	42.3	41.2	16.5	63.9	6.5	9.4	20	51.8	28.2	9.1	57.6	46.5	5.36
Milwaukee	Horz	107.9	106.2	106.5	109.6	51.4	19.4	39.8	32.4	76.6	56.5	23.3	20.1	64.2	10.3	10.2	18.7	50.6	30.7	9.2	49.5	31.5	5.36
Rhode Island	A10	109.2	107.1	106.3	106.7	53.3	18.1	28	30.2	77.3	49.8	29.3	20.9	68.5	11	11.5	18.2	50.8	31	6.6	51.5	37.9	5.36
Robert Morris	Horz	106.3	104.7	105	111.6	51.2	18.6	35	29.5	76.9	49.6	29	21.3	67.8	9.1	10.2	17.6	53.1	29.3	8.4	59.6	36.8	5.36
Furman	SC	109.5	107.1	106.3	108.3	53.2	17	30.1	28.3	77.8	39.5	41.8	18.6	72.1	11.6	10.8	17.5	51.7	30.7	6.3	65	51.2	5.36
Loyola Marymount	WCC	104.6	104	109.4	106.7	50.3	15.2	22.8	28.9	78.9	49.7	33	17.2	65.7	6.6	7.8	18.4	52.2	29.4	7.5	50.6	40.4	5.36
UTEP	CUSA	105.5	105.1	107.1	104.9	49.3	16.6	24.6	40.2	76.9	49	29.5	21.5	72.5	9.5	8.9	21.6	47.3	31.1	7.8	51.2	36	5.36
Towson	CAA	106.7	105.6	106.3	108.4	47.7	14.7	34.9	30.5	77.3	50.6	32.4	17	69.1	8.4	8.4	17.7	50.7	31.7	6.2	42.1	37.5	5.36
James Madison	SB	111.5	110.6	105.9	107.6	51.1	16	32	33.1	76.9	44	37.4	18.6	69.2	7.5	8.6	18.9	51.7	29.4	7.4	46.4	45.3	5.36
Charleston	CAA	106.8	106	106.2	108.9	52.5	16.1	26.2	27	77.6	48.8	32.6	18.6	67.6	9.4	9.2	15.9	52.3	31.8	7	58.7	39.8	5.36
Radford	BSth	110.8	110	107.5	109.5	51.1	17.7	33.8	36.9	77.5	47.5	29	23.5	63.9	8.4	9.6	21.4	45.4	33.1	8.1	44.3	36.3	5.36
Virginia Tech	ACC	107.4	107	111.6	104.5	51.5	20	31.3	30.8	77.3	47.9	34.9	17.2	69.1	9.7	10.4	18.1	50.1	31.7	9.6	52.6	40.3	5.36
Bryant	AE	107.1	106.7	103.6	110.4	50.7	16.2	34	29.5	79	53.4	28.8	17.7	68.1	5.2	8.8	18.3	51.5	30.2	7.4	48.8	35.5	5.36
Cal Baptist	WAC	106.8	106.9	104.4	106.3	48.7	17.5	33.2	33	76.7	53.5	27.7	18.9	70.8	9	9.3	18.2	55.7	26.1	8.2	45.1	34.9	5.36
East Carolina	Amer	108.5	108.3	106.7	108.7	49.1	15.9	34.6	31.9	76.7	52.1	26.9	21	65.8	8.4	9.1	18.4	49.4	32.2	6.8	49.3	35.4	5.36
Texas A&M Corpus Chris	Slnd	106.9	106.7	105	108.4	52.8	17.5	31.8	40.9	77.3	58.8	23.3	17.9	65	11.7	11	21.6	49.2	29.3	6.5	51.4	28.9	5.36
Tulane	Amer	107.6	107.4	106.3	108.5	51.5	16.3	27.2	32.1	78.1	49.2	30.2	20.6	68.6	9.5	9.2	19.8	45.5	34.8	7.1	55.8	39.4	5.36
Miami OH	MAC	107.9	107.7	103.9	110.2	55.4	17.5	27.5	34.2	77.4	47.3	37.3	15.4	68.9	9.9	10.3	19.3	49.6	31.1	7.2	55.3	43.2	5.36
Purdue Fort Wayne	Horz	109.6	109.7	105.7	109.2	54.7	13.8	22	30	75.2	44.7	38.7	16.6	66.7	9.9	8	17.3	52.3	30.4	5.9	47.6	45.6	5.36
Cleveland St.	Horz	104.7	104.9	105.4	109.8	49.3	18.1	34.7	37.8	76.5	55.5	25.9	18.6	66.6	9.9	9.9	20.9	46.7	32.4	8.2	52	32.9	5.36
Appalachian St.	SB	101.6	102.1	106.7	109.8	49.7	16.9	27.5	22.2	77.4	46.9	34.3	18.8	63.3	10.9	10.2	15.2	51.8	33	6.7	51.5	41.1	5.36
Winthrop	BSth	109.4	109.1	106	110.1	53.5	17.7	31.3	38.2	77	48.7	28	23.2	67.7	10.9	9.3	21.1	48	30.8	8.4	44.1	38.2	5.36
Marshall	SB	106.9	107.3	105.8	110	49.9	16.5	33	40.9	77.3	49.7	31	19.4	63.7	8.7	8.9	22.7	52.4	24.8	7.6	53.3	39.6	5.36
Sam Houston St.	CUSA	111.4	111.6	107.7	103.3	51.3	18.3	30.3	33.4	76.8	44.6	35.3	20.1	74.9	8.7	10.1	18.5	47.6	33.9	8.2	49.4	38.6	5.36
Central Connecticut	NEC	102	103	101	112.5	52.8	16.9	26.7	19.2	75.6	56.4	27.9	15.6	71.2	6.1	9.4	12.1	52.2	35.7	7.5	50.9	34.9	5.36
Nicholls	Slnd	107.4	108	105.1	106.8	48.6	14.7	30.4	36	76.6	48.9	32.5	18.6	66.7	12	8.9	20.9	50.8	28.3	5.8	42.5	36.8	5.36
Florida Gulf Coast	ASun	108.6	109.3	106.2	110	53.9	16.2	30	29.5	76.9	107.8	66.4	25.8	67.7	8.7	9.4	34.6	89.8	75.8	6.8	50.7	38.4	5.36
Lamar	Slnd	103.4	103.9	105.6	108.2	48	18.9	35.2	34.5	77	51.8	30.9	17.3	69.2	9.6	11.4	19.4	49.5	31.1	7.5	57.4	32.6	5.36
Temple	Amer	110.7	111.3	107.4	107.4	50	15.8	32.3	35.9	77.7	50.2	25.2	24.5	67.3	10.5	9.9	19.8	50.6	29.6	5.9	40.2	31	5.36
Illinois Chicago	MVC	107.4	108.2	107.9	106.4	51.1	17.5	30	31.6	76.5	48.6	31.5	19.9	65.8	10.3	9.7	17.9	53.1	29	7.8	56	39.4	5.36
Norfolk St.	MEAC	109.5	110.4	103.8	110.3	52.8	18.1	33	35.9	77.1	58.4	19.9	21.7	72.4	8.7	10.1	20.3	44.8	34.9	8	49.1	28	5.36
San Jose St.	MWC	108.8	109.2	109.2	104.7	50.8	16.9	27	28.6	77	46.6	34.8	18.5	66.7	9	9.2	16.1	56	27.9	7.7	50.9	40.9	5.36
Nebraska Omaha	Sum	111.6	111.7	107	109.7	53.4	15.7	29.3	37.6	77.4	48.4	31.8	19.8	64.9	8.5	8.3	20.3	44.7	35	7.4	49.8	38.6	5.36
Boston College	ACC	105.7	107.4	110.4	104.9	48.9	17.3	28.8	37.1	76.9	52.9	28.3	18.8	64	8	9.4	20.4	50.5	29.1	7.9	45.3	33	5.36
Montana	BSky	110.5	111.8	107.1	108.9	55.8	16.4	23	31.6	76.6	52.3	28.8	18.9	68.7	8.9	8.5	18.1	54.2	27.7	7.9	50.1	36.7	5.36
Jacksonville	ASun	102.3	103.7	107.9	110.4	50.1	19.3	35.2	34.5	77.4	52.4	31.5	16.1	70.8	9.2	11.5	19.2	49.2	31.5	7.8	50.3	33.9	5.36
Oakland	Horz	107.6	109	107.8	108.1	50	18	34.1	27.8	76.8	50.4	31.7	17.9	64.8	9.5	9.4	16.6	47.6	35.8	8.6	50.7	42.3	5.36
Eastern Kentucky	ASun	110.1	111.8	106.4	109.3	49.7	13.8	32.4	31.8	76.8	46.2	37	16.8	65.2	8.6	8.2	17.7	51.2	31.1	5.7	47	42.2	5.36
Wyoming	MWC	104.5	106.3	110.1	104.9	50.6	19.9	29.8	41	77.7	47.9	35.6	16.5	66.8	9.7	10.4	22.2	49.7	28.1	9.5	48.9	41	5.36
Montana St.	BSky	106.5	108.4	106.5	108.6	53	15.1	21.1	32.3	78.5	47.5	34.4	18.1	66.1	7.6	8.5	20.3	56.2	23.5	6.6	51.7	42.9	5.36
Elon	CAA	107.9	110.9	105.6	108.9	50.2	19	36.3	24.7	79.7	45.7	31.7	22.6	67.1	8.2	11.3	15.5	46.7	37.7	7.8	48.5	41.8	5.36
Merrimack	MAAC	101.3	103.1	104.6	109.8	49.6	13.9	21.3	29.4	75.5	48.9	35.8	15.3	67.5	8.7	7.8	18.1	53.1	28.8	6.1	49.2	42.3	5.36
Rice	Amer	107.5	109.4	105.8	107.9	48.8	17.9	33.8	34.8	78	45.4	31.3	23.3	67.6	10.2	10.8	20.6	49.8	29.6	7.1	51.1	39.3	5.36
Southeast Missouri	OVC	102.4	105.6	102.3	109.7	51.3	15.4	24	42.8	75.5	53	30.2	16.8	65.3	7.8	8.4	24.6	52.9	22.5	7	48.2	36	5.36
UNC Asheville	BSth	109.5	112.5	107	110.2	52	14.8	29.7	40.1	77.2	52.9	27.8	19.3	0	5.4	7.6	20.9	48.7	30.4	7.2	45.6	35	5.36
Dartmouth	Ivy	100.9	103.6	106.3	110.4	50.5	16.3	22.8	22.9	76.4	42.7	38.8	18.5	65	9	9.6	14.1	56.2	29.6	6.7	57.9	46.7	5.36
UTSA	Amer	107.4	109.8	108.1	106.4	49.5	15.8	26.6	44.3	76.5	41.7	39.3	19.1	68.1	13.1	10.1	23.2	48.1	28.8	5.8	48.7	44.9	5.36
South Carolina St.	MEAC	103.6	106	103.7	111.6	50.8	19.7	35.6	47.1	77.5	51.6	24.9	23.5	68.4	7.8	10.2	24.6	50.8	24.6	9.4	56	33	5.36
Princeton	Ivy	106.3	108	107.3	108.7	51.6	15.2	26.4	31.5	76.5	42.7	42.5	14.7	0	12.6	9.4	18.1	48	33.8	5.9	55.8	48.2	5.36
Massachusetts	A10	103	106.6	106.8	105.5	45.2	16.3	34.4	35.5	76.7	56.2	23.4	20.3	68.7	8.7	8.9	20.4	47.9	31.7	7.4	48.2	31.9	5.36
Southeastern Louisiana	Slnd	105.3	107.9	105.2	109.1	49.5	17.5	30.8	36.9	76.8	53.7	25.4	20.9	69.4	10.2	9	19.4	47.2	33.4	8.5	46.8	32.3	5.36
Portland St.	BSky	101.5	104.2	106.4	110.8	50.7	18.6	33.8	34.2	77.8	57.9	24	18.1	0	8.2	9.5	20.2	50.5	29.3	9.1	47.9	30.5	5.36
South Florida	Amer	104.1	106.8	108.8	108.4	50.1	16.3	27.6	36.7	76.6	51.1	28.8	20.1	67.5	9.9	9.3	21.3	49.2	29.4	7	54.4	38	5.36
Miami FL	ACC	113.8	116.3	110.7	103	51.9	16	28.2	28.8	77.8	54.6	29.2	16.3	70.7	8.1	9	15.7	49.4	34.9	7.1	47	38.5	5.36
Ohio	MAC	107	109.7	106.4	110	53.5	15	23.8	35.8	76.1	48.3	32.3	19.4	66.2	8.4	9.3	19.2	52.2	28.6	5.7	50.6	40.8	5.36
Idaho St.	BSky	106.8	109.7	106.1	110	48.3	16.3	38.4	33.4	77.6	50.4	28.4	21.2	66.2	10.1	8.7	17.9	50.1	32	7.5	48.4	36.7	5.36
Southern Illinois	MVC	106.1	108.8	108.9	107.6	51.6	18.3	30.3	33.7	77.8	53.6	28	18.4	67.1	8.3	10.5	18.5	48	33.5	7.8	52.4	33.6	5.36
Cal Poly	BW	108.3	110.7	107.2	105.9	54.7	21.1	27.7	32.3	76.4	42	41.9	16.1	66	10.4	12.4	18.7	49.8	31.5	8.8	51.6	51.5	5.36
Seton Hall	BE	99.5	103	112.4	102.6	44.6	19	31.4	38.9	78.3	54.5	25.5	19.9	63.3	11	10.6	20.6	44.1	35.4	8.3	50.4	30.5	5.36
Drexel	CAA	103.8	105.6	105.8	110.5	51.9	18.8	33.2	28.5	77.6	54.1	31.8	14.1	70.7	8	10.8	17.2	53.8	29	8	48.5	37.1	5.36
Texas St.	SB	110	112.9	104.8	107.6	50.7	18.1	35.1	41.6	76.5	55.2	23.6	21.2	59.1	10.1	10.8	23.1	46.4	30.5	7.3	52.6	28	5.36
Queens	ASun	106.8	110	106.3	109.7	52.3	18	31.1	32.1	77.9	45.9	35.9	18.2	70.6	10.4	11.4	17.9	50.7	31.4	6.6	59.8	44.2	5.36
Central Michigan	MAC	105.9	109	106.6	109	49.8	17.6	32.1	31.3	77.7	54.2	24.9	20.8	71.3	8.8	9.2	17.2	45.9	36.9	8.5	48.9	33.3	5.36
Quinnipiac	MAAC	101.2	105.1	102.8	109.5	48.3	18.2	33	28.3	77.5	52.3	28.1	19.5	70.4	11.4	11.3	16.9	47.8	35.3	7	52.4	37.7	5.36
Youngstown St.	Horz	102.3	105.4	105.6	110.9	49.9	17.8	29.2	35.7	76.8	44.8	33.8	21.4	67.9	8.4	9.5	20.6	53.4	26	8.3	50.7	46.1	5.36
Indiana St.	MVC	109.6	112.8	106.9	107	54.6	19.5	26.2	38.8	77.5	41.5	38.6	19.8	67.3	11.7	11.2	20.3	49.6	30.1	8.2	57.8	50.1	5.36
Northeastern	CAA	104.1	107.7	104.6	108.5	51.1	18.6	31.4	30.3	77.6	55.1	29	15.9	64.6	10.1	10.5	17.4	52.8	29.9	8.1	49.7	34.8	5.36
Campbell	CAA	102	106.6	105.7	109.9	50	15.8	24.6	29.9	77.5	48.9	32.7	18.5	68.7	10.2	9.5	16.7	56.1	27.3	6.2	54	41.8	5.36
Brown	Ivy	103.6	107.2	106.3	109.9	51.1	17.1	30.1	29.1	76	51.7	33.5	14.7	64.5	10.3	10.1	17.4	51.6	31	7	54.1	40.5	5.36
Longwood	BSth	106.4	110.2	107	110.9	51.3	18	32.1	38.2	75.5	51	24.7	24.3	63.8	7.8	10.2	19	50.5	30.4	7.8	49.8	33.9	5.36
Hampton	CAA	104.5	108.1	106.7	109.4	47.8	16.2	34.1	42.7	76.8	50.9	30.6	18.5	69	7.9	8.6	22.4	50.3	27.3	7.7	42.3	36.5	5.36
Hofstra	CAA	98.4	102.9	105.5	108.6	48.9	17.6	25.8	38	77	48	36.5	15.5	67.4	9.2	9.4	22.4	42.9	34.7	8.2	55.6	42.3	5.36
Valparaiso	MVC	106.4	110.2	107.1	106.9	47.7	14	26.5	35.4	77	47.7	30.5	21.8	64.5	9	8.7	18.9	52.4	28.8	5.3	45.2	38.4	5.36
William & Mary	CAA	108.5	112.6	105.8	108.3	54.2	18.3	26.1	35.5	77.7	40.8	39.9	19.3	65.1	11.1	10	19.5	48.7	31.8	8.3	61.8	51.6	5.36
Bucknell	PL	103	107.4	103.7	111	53.8	18.6	25.8	34.1	76.7	48.8	33	18.3	66.1	9.4	10.8	18.6	47.3	34.1	7.8	52.2	40.8	5.36
UT Arlington	WAC	107.7	112.1	104.4	106	51.5	19.1	32.7	33.7	76.8	46.1	34.8	19.1	68	10.1	11.1	19.8	49.6	30.6	8	52.8	42.1	5.36
Abilene Christian	WAC	98.5	102.9	104.8	106.1	47	20.7	29.6	50.7	77.3	59	18.7	22.4	65.9	11	11.1	25.4	51.2	23.4	9.6	51.3	25.2	5.36
Wright St.	Horz	110	114.7	106.5	109.8	56.4	17.8	27.8	34.5	76.6	52.3	33.3	14.4	71	7.8	10.6	18.6	51.1	30.3	7.2	52.3	37.8	5.36
Hawaii	BW	103.6	108.4	106.5	107.4	50.6	20.7	30.9	33.7	78	50.7	26.6	22.7	65.3	7.9	11.4	20.2	52.3	27.5	9.3	49.4	37.5	5.36
Maine	AE	101.7	106.5	103.8	111.5	52.3	15.8	22.2	29.5	77.2	54.2	29.4	16.4	70.1	7.2	8.7	17.2	52.6	30.2	7.1	56	33.8	5.36
Little Rock	OVC	99.7	104.7	102.1	109.9	49.5	20.4	30.4	37.9	78.1	55	27.8	17.1	70.6	7.3	12.3	22.5	42.9	34.6	8.1	52.6	30.3	5.36
Vermont	AE	100.9	106.3	103.8	110.9	49.7	17	26.1	26.9	77.8	46.8	35.4	17.8	66.1	11	9.4	16.9	50.2	33	7.6	49.8	43.3	5.36
Southern	SWAC	100.2	105.4	102.2	110	47.8	18.1	33.8	42.3	76	52.7	26.5	20.8	69.2	12.4	10	22.8	45.9	31.2	8.1	49.4	33.6	5.36
South Dakota	Sum	109.7	115.8	107.5	110.9	50.1	12.6	30	35.2	77.4	48.8	26.8	24.5	65	8.5	6.6	18.7	50.2	31.1	6	38.3	37.5	5.36
Presbyterian	BSth	105.1	110.5	107.4	109.9	51.2	16.3	29.6	39.2	77.5	52.9	29.9	17.2	60.7	8.4	9.6	21.1	52	26.9	6.7	47.4	34.2	5.36
Northwestern St.	Slnd	102.4	107.8	106.5	107.5	48.7	20.4	33.5	32.6	76.4	51	30.1	18.8	68.1	11.6	11.2	19	46.3	34.8	9.2	52.4	35.1	5.36
SIUE	OVC	102.4	106.7	101.9	110.9	48.9	17.1	31.8	33.2	77.2	50.6	30.7	18.6	66.5	8	9.7	19.7	48.1	32.2	7.4	51.4	36.3	5.36
Northern Kentucky	Horz	103.1	108.8	106.5	109.3	49.8	17.3	31	29.3	77.6	49.8	32.8	17.4	64.3	9	9.6	17.1	47.8	35.1	7.6	54.2	40.3	5.36
Pepperdine	WCC	106.3	111.4	108.1	106.4	49.6	16.3	28.1	26.9	78.6	52.1	29	18.9	66.8	8.6	9.1	16.2	51.7	32	7.2	59.7	34.6	5.36
UMass Lowell	AE	108.9	115.2	101.9	109.2	54.6	18.1	26.1	25.2	76.7	55.2	26.5	18.3	0	9.4	10.7	14.5	54.7	30.7	7.4	52.4	34.6	5.36
Manhattan	MAAC	109.3	114.5	101.7	110.4	51.2	16.9	32.2	26	75.1	46.6	34.6	18.8	67.8	11.6	10.4	15.8	49.9	34.2	6.5	57	41.7	5.36
Kansas City	Sum	100.8	106.8	108.4	110.9	48.4	18.7	32.9	35.2	77.5	44.1	36.2	19.7	66	8.1	9.9	20	49.5	30.4	8.8	48.1	44	5.36
Cal St. Bakersfield	BW	107.2	113.3	106.3	107.1	48.3	18.8	35.6	46.6	76.6	52.5	25.7	21.9	67.4	7.5	8.2	24.3	44.7	30.9	10.6	38.1	28.3	5.36
Fordham	A10	105.2	111.6	107	105.3	48.3	18.8	31.2	38.3	76.4	47.9	32.9	19.2	66.7	10.7	10.3	20.5	54.5	25	8.5	52.2	41.4	5.36
La Salle	A10	103.7	109	108	105.7	45.8	15.6	30.8	29.4	76.8	52.6	27.9	19.5	67.3	8.9	8.9	16.2	51	32.8	6.8	44.4	33.3	5.36
UT Rio Grande Valley	Slnd	105	111.1	105	108.5	51.7	19.2	30.8	29.9	76.1	47.4	39.1	13.5	67.6	7.8	10.2	17.8	54	28.2	9	57	49	5.36
Richmond	A10	103.8	109.8	108.2	105.5	48.3	15.3	19.4	36.9	76.6	44.9	35.1	20	65	9.5	9.3	20.2	40.5	39.3	6	51.5	45.8	5.36
UC Davis	BW	97.4	103.7	107.9	107.4	45.9	19.6	27.8	40.2	76.4	47.9	28.4	23.7	68.7	7.3	9.9	23.6	46	30.3	9.7	46.6	35.5	5.36
Toledo	MAC	112	118.4	106.2	108.8	50.5	13.8	29.6	25.4	77.4	56.8	23	20.2	67.8	7.3	8.6	14.2	52.7	33.1	5.2	46.4	28.8	5.36
Missouri St.	MVC	101.5	107.9	109.2	108.3	50.9	20.7	32.1	38.5	75.8	49.8	32.2	18	65.6	11.9	10	20	48.7	31.3	10.7	49.9	37	5.36
Fresno St.	MWC	100.9	108.3	110.4	104.6	46	17.8	26.9	23.2	77.7	50.7	28.1	21.3	69.4	10	9.4	13.4	50.8	35.8	8.4	43.7	35.2	5.36
Jackson St.	SWAC	100.6	108.4	104.6	108.3	47.1	19.6	30.5	31.5	76.2	51.3	26.6	22.1	0	9.3	11.7	17.7	47.7	34.6	7.8	48.2	33.9	5.36
Siena	MAAC	102.9	110.1	103.3	109.9	49.3	17.5	28.9	31.7	77	46.7	31.3	22	66	9.8	10.1	18.7	53.2	28.1	7.4	48.2	40	5.36
Georgia Southern	SB	103.1	110	105.2	110	50.6	19	32.9	43.2	77.3	46.8	38.6	14.6	65.9	11.9	9.8	23.5	46.8	29.7	9.3	50.3	44.3	5.36
Northern Arizona	BSky	105.4	111.8	105.5	111.1	50.5	15.4	32.1	33.1	77.5	50.7	32.9	16.3	67.3	9	8.3	18.3	50.5	31.2	7.1	53	38.2	5.36
Incarnate Word	Slnd	107	114	103.5	109.2	51.7	18.3	34.5	34.2	77.3	52.2	32.3	15.5	69.1	9.7	10.5	18.6	53.8	27.5	7.8	45.7	36.1	5.36
American	PL	102.3	109.5	104	110.4	51.3	16.9	23.9	35.5	76.5	44.5	37.5	18	65.4	9.5	8.6	18.9	53.1	28	8.2	52.4	45.1	5.36
Tennessee St.	OVC	102.7	110	101.5	109.9	51.3	21.1	33.8	39.3	77.7	53.3	25.1	21.6	74.9	8.4	11	21.6	49.4	28.9	10.1	47.3	33.6	5.36
FIU	CUSA	97.6	105.4	107.6	107.3	46.5	19.8	31.2	37.7	76.8	57.1	21.6	21.3	68.2	8	11.7	20.9	47.9	31.2	8.2	47.7	29.6	5.36
Colgate	PL	105.5	113	104	109.7	54.3	16.6	23.6	25.6	77.2	50.3	36.3	13.4	67.8	9.6	10.1	14.4	49.4	36.2	6.6	52.9	42.3	5.36
Mercer	SC	99.8	107.8	106.7	109.1	49	16.6	28.8	32.8	76.4	50.9	32.6	16.6	65.1	9.5	10.9	18.8	42.9	38.3	5.7	46.4	40.1	5.36
North Florida	ASun	110.1	118	106.9	109.2	53.2	15	28	31.1	76.6	40.4	46	13.7	68.7	12.8	9.2	17.2	57.4	25.3	5.8	53.6	54	5.36
North Dakota	Sum	108.1	116.3	108.7	109.3	49.7	16.6	33.7	33	77.5	49.1	31.7	19.1	70.1	9.3	9.6	17.9	49.2	32.9	7	45.1	40	5.36
Evansville	MVC	98.8	106.7	108.7	107.6	48.8	17.7	22.6	34.6	78.3	51.2	30.5	18.3	67.2	7.6	11	20.3	43.3	36.4	6.7	52.6	40.6	5.36
Gardner Webb	BSth	103.6	111.6	108	110.1	51.9	20.7	33.4	37.2	76.7	55.1	25.4	19.5	72.4	8.4	11.3	20.1	51.6	28.2	9.5	39.4	33.1	5.36
Charlotte	Amer	105.3	113.4	107.9	108	48.3	14.8	25.1	36.1	77.4	46.1	29.1	24.8	69.8	10.8	8.1	18.9	54.7	26.4	6.7	52	40.2	5.36
Georgia St.	SB	107	115.2	105.6	108.9	50.4	16.8	32.3	26.3	78.2	53.6	27.7	18.7	65.6	8.5	9.8	15.7	50.1	34.2	7	43.9	33.3	5.36
Harvard	Ivy	101.8	109.5	106	108.3	50.6	17.9	24.8	24.6	76.6	52.3	31.9	15.8	67	9.6	10.3	15.2	55	29.8	7.7	54.4	39.9	5.36
Mount St. Mary's	MAAC	101.1	109	102.7	109.9	51.3	21.5	31	27	76.9	48.6	33.4	18	69.3	9.6	12.9	16.9	46.3	36.9	8.6	59.9	40.2	5.36
Sacred Heart	MAAC	106.5	114.9	102.5	109.8	51.6	17.4	31.3	28.7	76.8	46	38.1	15.8	0	10.7	10.5	16.9	46.7	36.4	6.9	61	44.6	5.36
Iona	MAAC	98.6	107	103.1	110.5	47.5	21.2	39.2	36.5	76.5	53.9	29.4	16.7	69.1	11.4	10.5	20.4	46.7	32.9	10.6	56.9	34.9	5.36
Marist	MAAC	97.9	106.9	101.1	111.6	50.5	18.6	30.3	32.9	76.8	55.6	30.9	13.5	70.6	7	10.7	20.3	49.6	30.1	7.9	55.7	37.4	5.36
Delaware	CAA	109.2	116.8	104.6	107.8	54.5	16.8	22.9	32.1	77.4	49.7	33.1	17.2	68	9.6	8.6	18.2	53.9	27.9	8.2	49.9	39.7	5.36
Navy	PL	102.8	111.6	102.2	110.7	48.3	16.2	31.4	33.4	74.3	49.2	31	19.8	67.6	9.1	8.3	18.5	48.4	33.2	7.9	52.7	37.2	5.36
Albany	AE	103.6	112.6	102.9	110.8	49.2	15.7	32.4	34.7	75.3	54	28.2	17.8	67	12.1	8.4	19	53.1	27.9	7.3	45.5	35.8	5.36
Portland	WCC	106.1	115.1	108.4	106.9	50.1	18	23.9	22.1	78.8	44.8	35.1	20	64.9	9.1	10.7	13.1	50.1	36.8	7.3	61.4	43.6	5.36
Austin Peay	ASun	102.4	111.5	108.4	110.2	48.7	14.8	25.8	36	76.1	47.7	34.8	17.5	65.5	13.4	8.4	19.7	49.9	30.5	6.3	49.5	40.2	5.36
Houston Christian	Slnd	101.8	110.9	105.1	108	49.3	18	26.7	29.3	75.9	46.5	35.8	17.7	68.8	10.1	11.4	16.5	59.1	24.5	6.6	46.1	43.9	5.36
Columbia	Ivy	106.8	116.4	105.1	110.1	52.6	15.4	25.9	25.4	76.8	51.8	31.3	16.9	67.3	10	8.7	14.2	48.5	37.4	6.7	60.1	39.1	5.36
Idaho	BSky	108.6	117.9	105.9	108.6	52.1	17.9	29.2	37.3	76.8	41.6	39	19.4	71.9	11.2	10.2	19.3	50.6	30.2	7.6	48.9	47.7	5.36
Monmouth	CAA	104.1	113	106	107.9	47.1	16.5	29.9	35.5	78.8	47.4	29.8	22.7	68.7	9.8	9.2	20.3	46.9	32.8	7.2	49.4	34.4	5.36
Ball St.	MAC	104	113.3	104.6	111	51.3	16.4	26.4	30.7	77.3	47.9	28.8	23.3	67.3	8.6	9.1	17.7	52.4	29.9	7.3	51.4	37.1	5.36
Texas Southern	SWAC	96.7	106.1	102.4	109.7	47	19.7	30.6	35.9	76.3	51.4	30.4	18.2	66.2	9.6	10.7	20.8	46.2	33	9	51.8	35.7	5.36
Stephen F. Austin	Slnd	95.4	105	105.2	107.9	46.7	22.2	34.6	34.1	77.8	54.1	28	17.9	68.3	9.8	13.2	19.1	49.4	31.5	9	51.4	36.9	5.36
Bethune Cookman	SWAC	98.8	108.8	103.6	108.9	49	20	28.9	32.5	77.4	52.7	26.4	20.8	70.6	10.4	11.2	19.3	51.7	28.9	8.8	52.6	33.9	5.36
Eastern Michigan	MAC	104.8	114.5	105.8	110.3	52.5	18.9	29.9	38.1	77.3	50.3	30.5	19.3	70.8	8.6	10.8	21	47.2	31.8	8.2	47.7	38	5.36
Old Dominion	SB	100.7	111	105.5	109.3	44.1	16.9	36.4	35	78	52.4	27.5	20.1	66.7	10.2	9.9	19.2	52.3	28.5	7	43.6	35.8	5.36
LIU	NEC	95.1	105.5	101.7	112.4	47.7	20.1	32.3	43.5	76.9	56.3	26.3	17.4	63.4	10.2	11.1	25.4	45.6	29	9	44.2	33.4	5.36
Penn	Ivy	104.5	115.5	106.5	107.8	49.4	16.4	26.9	25.8	76.8	46.6	36.4	16.9	70.6	9.7	8.7	15.8	49.1	35	7.7	55.7	44.4	5.36
Lehigh	PL	101.1	111.3	103.6	109.9	51.1	15.6	21.4	33.9	76.2	49.8	32.9	17.3	66.4	8.3	9.2	19.9	53	27.1	6.5	51.3	37.3	5.36
Pacific	WCC	101.8	112.1	109.2	106.7	48.1	19.3	28.8	37.1	77.7	52	28	20	72.9	9	10.4	21.2	47.4	31.5	8.9	49.7	37.8	5.36
Bowling Green	MAC	99.7	110	104.5	111.5	50	17	25.1	30.2	76.2	47.3	32.1	20.6	65.4	12	8.7	18.5	49.5	32	8.3	44	39.8	5.36
Tulsa	Amer	101.2	111.5	106.7	109.1	49.5	17	27.8	32.7	76.7	48.3	33.4	18.3	65.8	11.7	10.6	18.6	53.9	27.4	6.4	54.9	42.8	5.36
Alabama St.	SWAC	101.9	111.7	101.8	110.3	47.3	13.3	27.8	39.4	76.6	45.5	36.2	18.3	0	8.7	7.5	21.4	47.6	31	5.8	43.7	42.9	5.36
Eastern Washington	BSky	102.1	113.1	107.8	109	50.9	18.7	26.9	39.7	77.4	52	28.9	19.1	67.4	7.9	11.6	21.1	48.1	30.8	7.1	52.6	37.6	5.36
Tarleton St.	WAC	93.9	104.5	106.9	105.4	45.9	25.3	28.6	49.4	76.2	54.5	20.7	24.8	65.9	12.2	11.8	25.6	43.8	30.6	13.5	46.8	25.6	5.36
Lafayette	PL	98.7	109.3	103.3	111.6	50.2	16.6	24	26.9	76.1	48.8	33.9	17.4	68.9	6.5	9.5	16.4	49.8	33.8	7.1	59.4	40.3	5.36
VMI	SC	100.7	110.6	106.6	109.3	48.4	17.8	25.2	30.4	76.9	42.4	34.9	22.6	70.6	10.3	10.6	15.5	46.2	38.3	7.2	48.8	46.9	5.36
Southern Utah	WAC	99.1	110	105.3	106.4	46.7	21.6	30.4	33	77.1	53	25.1	21.9	0	8.9	12.6	18.5	59.5	22	8.9	48.5	32.6	5.36
Tennessee Martin	OVC	102.2	113.2	102.1	109.4	47.6	19.5	34.7	33.9	76.9	42.9	37	20	66.7	14.4	11.7	18.6	41.9	39.5	7.8	51.1	47.3	5.36
San Diego	WCC	100	111.2	108	107	45.7	18.4	29.9	46.1	78	52	27.9	20	70.9	9.5	9.8	23.9	44.9	31.2	8.7	45.8	35.8	5.36
Western Michigan	MAC	102	113.1	106	110	47	15.7	34.6	33.7	77.8	57.7	24	18.4	67.8	10.7	8.2	17.8	48.8	33.3	7.6	45.1	32.5	5.36
Weber St.	BSky	102.4	113.3	106.7	109.5	50.7	16.9	24.7	37.5	78.1	51.6	29.4	19.1	62.4	9.9	8.9	20.5	44.1	35.4	8	43	37.5	5.36
Saint Peter's	MAAC	95.3	106.8	103.8	111	44.7	20.6	37	37.6	77.3	45.4	32.4	22.2	70.4	12.3	10.6	22.5	47.7	29.8	10	45.3	38.5	5.36
Southern Miss	SB	98.1	109.4	105.6	108	47.9	19.5	28.1	35.4	76.1	52.7	27.7	19.6	67.2	9.4	11.8	19.9	50.3	29.8	7.7	56.9	36.9	5.36
UMBC	AE	106.8	118.3	102.2	109.7	55.2	15.9	19.4	27.9	76.9	50	33.3	16.7	70	8	9.1	15.2	55.8	29	6.8	50.4	38.4	5.36
Long Beach St.	BW	102.3	114.5	107.3	106.4	49.2	21.7	28.5	35.2	78.3	47.2	31.4	21.4	62.5	8	10.9	19.6	48	32.4	10.8	49.3	37.1	5.36
Utah Tech	WAC	103.1	114.8	105.9	105.5	49.1	18.6	26.6	40.4	75.5	47.9	32.6	19.5	70.5	11.2	11.3	21.3	54.3	24.5	7.3	51.5	40.2	5.36
Charleston Southern	BSth	100.2	112.1	109.1	109	48.7	19.9	31.2	33.3	77.3	46.5	30.5	23	0	10.9	10.9	17.9	60.3	21.8	9	47.5	42	5.36
Boston University	PL	99.4	111.7	102.7	111	50.2	20.6	32.5	32	77.5	48.6	34.3	17	69.2	9.6	11.6	18.6	47.5	33.9	9.1	48.8	41.9	5.36
Air Force	MWC	99.4	112.3	109.9	105.1	50.3	21	23.2	35	78.2	42.8	38.7	18.5	0	12.2	10.5	18.3	52.2	29.5	10.4	62.3	47.8	5.36
Tennessee Tech	OVC	101.4	113.6	102	109.8	50.7	17.4	25	22.2	75.7	43.1	40.1	16.8	72.3	9.5	11.1	14.3	57.5	28.2	6.4	59.3	46.4	5.36
Loyola MD	PL	101	113.4	102.4	110.5	50.1	17.7	28.6	30.2	77.3	50.8	32.4	16.7	67.6	7	10.8	17.5	53.1	29.4	6.9	54.8	39.6	5.36
Delaware St.	MEAC	101.7	114.1	103.4	111.8	48.6	18.2	33.6	40	77.1	60.8	18	21.2	63.9	6.5	9	21.4	48.5	30.1	9.1	45.4	20.8	5.36
Denver	Sum	99.1	111.8	108.8	110.5	50.3	18.5	26.1	49.8	76.3	51.4	29.7	18.9	0	7.7	9.4	25.1	48.1	26.8	9.1	43.5	36.9	5.36
Fairleigh Dickinson	NEC	98.7	111.1	102.7	110.6	49.1	17.1	25.9	30.4	76.2	48	33.1	19	67.4	9.4	9.8	18.6	55.3	26.1	7.3	53.5	41.5	5.36
Howard	MEAC	104.2	117.2	104	110.3	53.7	21.3	28.7	41.3	76.8	48.6	31.5	19.9	67.6	8.1	10.5	23.5	51.6	24.9	10.9	57.2	38.5	5.36
Rider	MAAC	101.2	114.4	103.2	109.9	47.5	17.4	31.6	26.7	76.9	56.5	24.8	18.7	67.9	8.7	9.7	14.6	49.4	36	7.8	50.7	30.8	5.36
Eastern Illinois	OVC	94	107.4	103.5	109.2	44.1	18.7	30	39.7	76.5	54	25.5	20.6	68	11.5	9.4	21.7	42.8	35.5	9.2	46	29.7	5.36
IU Indy	Horz	110	123.4	105	108.6	50.4	15.7	30.6	35.1	76.6	38.5	41.3	20.2	73.3	13.8	8.3	18.7	48.8	32.5	7.3	53.2	47.3	5.36
Louisiana	SB	98.3	111.8	105.3	107.8	45.7	16	25.9	43.8	76.2	49.2	31.6	19.2	71.1	11.5	9.3	23.8	50.4	25.8	6.8	45.2	38.1	5.36
Florida A&M	SWAC	101.4	114.8	102.6	108.1	50.6	21.3	28.1	39.2	77.1	42.7	36.8	20.5	68.4	10.2	11.8	21.1	50.2	28.7	9.5	51.3	46.7	5.36
Holy Cross	PL	102.3	116.2	103.2	109.5	53.1	17.8	23.2	25.4	77.3	46.9	40.1	13	70.1	7.8	9.9	14	54.5	31.5	7.9	48.2	42.3	5.36
North Carolina Central	MEAC	103	116.8	104.3	111	49.9	18.9	34.8	42	76.6	51.6	27	21.4	66.9	8.6	9	21.9	55.2	22.9	9.9	54.6	33.9	5.36
Binghamton	AE	99.2	113.1	103.3	110.9	51.6	19.6	26.9	31.9	78.3	51.1	30.3	18.6	68.4	11.9	11.9	18.9	49.8	31.3	7.7	51.6	36.1	5.36
Alcorn St.	SWAC	98.6	112.8	104	108.6	46.3	19.7	33.8	31.6	75.6	55.5	25.2	19.3	67.9	10.6	10.1	17.8	46.5	35.7	9.6	43.5	30.1	5.36
Saint Francis	NEC	101.3	114.8	102	109.2	52.1	19.7	25.6	29.1	76.3	50.6	34.9	14.5	68.8	9.1	12.4	17.3	48.7	34	7.4	50.4	41.8	5.36
Stonehill	NEC	101.3	115.5	100.9	110.6	51	18.3	26.4	32.7	77.1	44	37.9	18.2	66.4	12.6	10.5	19.1	53.1	27.8	7.8	60.4	44.5	5.36
Niagara	MAAC	101.5	115.7	101.8	109.8	52	18.6	23.6	29.8	76.7	46.8	35.5	17.8	69.3	9.3	10	18.1	49.2	32.7	8.6	51.4	42.8	5.36
Grambling St.	SWAC	95.7	110.8	102.4	109.9	47.5	19.5	26.4	32.3	77.1	51.3	27.5	21.1	68.5	10.1	11.7	19.1	50.1	30.8	7.8	47.4	34.7	5.36
Army	PL	100.5	114.9	103.4	111.1	49.7	14.7	25.8	27.1	75.2	52.4	32.5	15.1	67	8.8	8.7	15	50.4	34.6	6	50.2	41.1	5.36
Morehead St.	OVC	98.2	112.9	102	108.9	45.9	18.4	31.2	34.7	77.4	51.1	27.3	21.6	67.5	9.8	10.2	20.6	52.4	27	8.2	48.1	34.1	5.36
Lindenwood	OVC	94.6	109.4	102.9	110.4	45	17.9	30	34.7	76.9	54.3	24.2	21.6	64.7	11.1	10.4	19.5	49.7	30.9	7.5	42.3	34.6	5.36
Coastal Carolina	SB	101	115.9	104.3	109.2	49.4	18.4	29	36.9	77.7	47.2	33.4	19.5	68.3	10.8	10.2	21.8	49.7	28.5	8.1	49.2	39.2	5.36
Oral Roberts	Sum	103.3	118.2	109.2	109.1	50	16.3	22.6	38.2	75.8	41.7	37.3	21	68.9	10.2	8.4	21.2	48.6	30.3	7.9	39.8	45.7	5.36
East Texas A&M	Slnd	96.8	111.9	106.3	107.6	49.2	22.5	28.1	36.5	76.3	45.4	39.1	15.5	67.1	13.4	13.6	19	51.8	29.2	9	61.6	48.3	5.36
Stony Brook	CAA	102.4	118.2	105.2	108.5	47.7	18.3	29.5	28.4	77.4	46.9	33.3	19.8	66	11	10.8	15	50	34.9	7.5	48.8	39.1	5.36
Morgan St.	MEAC	103.3	119.1	102.4	111.3	49.3	18	34.1	39.3	76.2	62.7	16.3	21	67.5	8.4	10.4	20.2	50.7	29	7.6	44.2	21.7	5.36
Green Bay	Horz	101.2	117.3	107	108.3	50.9	18	18.4	35.4	76.3	42.9	34.9	22.2	71.3	13.5	9.6	18.2	48.9	32.9	8.5	59.3	46.2	5.36
North Carolina A&T	CAA	97.6	113.9	105.5	108.4	45.8	15.4	27	30	76	52.4	28.6	18.9	64.1	9.4	8.4	18.1	51.3	30.6	7	44.4	36	5.36
Fairfield	MAAC	99.7	115.2	102.9	109.2	46.6	15.4	28.8	31.7	76.1	50.5	32.5	16.9	67.6	9.7	9	18.5	51.5	30	6.4	50.6	38.4	5.36
Southern Indiana	OVC	98.8	115.3	102.3	110.1	47.9	17.2	27.9	35.6	76.5	51	29.9	19.1	72	8.2	11	18.9	49.7	31.4	6.2	43.4	33.5	5.36
Western Carolina	SC	95.9	112.9	107.8	107.7	45.4	19	25.8	34	77.3	43.4	38.7	17.9	64.9	9.4	11.5	19.8	46.4	33.8	7.6	48.8	48.2	5.36
Detroit Mercy	Horz	95.6	112.7	107.3	109.4	45.6	19.1	31.9	39.8	77.6	55.9	25.3	18.9	66.2	8.8	10.7	21.8	42.4	35.7	8.4	43.9	28.4	5.36
Sacramento St.	BSky	95.6	113.6	106.3	109.9	48	20.3	27.4	39.2	76.9	46.1	35.8	18.2	64.2	10.6	11.7	20.3	43.1	36.5	8.7	53.3	44.9	5.36
USC Upstate	BSth	98.9	116.3	107.9	108.6	49.8	19	25.3	39.5	76.5	55.8	27.1	17.1	66.6	7.9	10.9	20.3	49.6	30.1	8.1	47.9	36.9	5.36
Buffalo	MAC	96.7	114.3	106.5	109.6	48.8	19.5	24.8	31.2	77.6	47.8	33.3	19	69.8	10.3	11.5	17.2	52.9	29.9	8.1	52.9	44	5.36
Bellarmine	ASun	104.3	121.9	105.8	109.6	53.7	17.4	20.2	34.8	76.5	47.9	36.2	15.9	0	7.4	9.8	18.6	42.6	38.8	7.6	52.4	43.2	5.36
Mercyhurst	NEC	99.1	117	101.3	110.5	48.6	16.4	22.2	38.3	75	47.7	31.9	20.4	68.8	8.2	8.8	19.9	49.1	31.1	7.6	57.5	36.4	5.36
Central Arkansas	ASun	98.2	116.3	107	109.5	47.4	18.2	28.5	22.6	76.9	45.3	36.7	17.9	65.7	12.5	11.2	12.6	40.8	46.6	7	56.1	47.8	5.36
Wagner	NEC	92.4	110.6	100.7	111	43.7	19.4	31.8	39.9	76.6	47.9	32.9	19.3	68.8	9.9	10.9	22.3	44.7	33	8.5	54.8	37.6	5.36
Northern Illinois	MAC	94.8	113	106.1	109.6	47.2	16.3	17.8	44	76.6	39.5	41.3	19.2	64.7	9.9	9.4	22.8	46.2	31	6.9	52.1	49.2	5.36
Western Illinois	OVC	99.5	117.7	101.9	110	50.2	18.2	27.9	30.6	77.2	49.2	34.9	15.8	68.3	7.5	10.2	18.1	52.5	29.4	8	38.3	37.1	5.36
West Georgia	ASun	97.3	115.7	107.1	109.5	47.2	16.2	26.1	36.3	76.4	59.1	23.5	17.4	66.4	7.5	10	18.9	46.3	34.9	6.3	51.1	30.1	5.36
Louisiana Monroe	SB	96.7	115.1	104.9	108.5	45	17.1	29	25.1	78	50.8	29.5	19.7	67.2	9.8	11	14.3	49	36.8	6.1	51.5	33.9	5.36
New Orleans	Slnd	99.7	118.1	107.2	106.4	45.9	18.8	31.6	26.6	75.4	55.7	24.5	19.8	67.8	11.1	11	14.9	49.2	35.9	7.7	50.1	30.7	5.36
Cal St. Fullerton	BW	94.5	113	107.9	105.8	44.2	21.3	25.9	34.1	77.2	51.8	23.6	24.7	67.6	9.4	11.9	19.1	45.2	35.7	9.4	41.5	34.1	5.36
Stetson	ASun	99.9	119.1	106.3	110.6	50.2	18.7	24.1	27.7	77.8	50.1	30.3	19.6	69.3	8.4	11.4	16.5	48.5	35.1	7.3	45.5	37.7	5.36
NJIT	AE	93.6	113.9	103.7	110.2	45.3	18	27.7	38.6	76.6	50.6	31.3	18.1	65.2	10.2	8.7	21	53.2	25.8	9.2	41.9	37.8	5.36
Le Moyne	NEC	101.5	122.1	102.5	109.6	51.5	19.6	25.6	36.9	76.9	48.1	31.3	20.6	67.7	9	10.7	19.8	46.5	33.7	8.9	54.3	41.3	5.36
The Citadel	SC	95.7	117.4	106	109.2	46.9	19.5	27.2	32.8	76.8	47.5	34.6	17.9	64.5	11.6	11.9	18.3	48.4	33.3	7.6	52.2	45.2	5.36
Prairie View A&M	SWAC	96.2	118.3	103.6	108.9	48.1	16.6	24.5	40.6	75	54.1	26.5	19.5	66.2	9.4	8.9	20.1	55.4	24.5	7.8	47.1	33.3	5.36
New Hampshire	AE	94.1	115.7	104.3	110.3	47.1	19	27.4	33	77.2	49.7	34.8	15.5	69.8	13.1	10	17.7	51.5	30.8	9	46.3	40.8	5.36
Alabama A&M	SWAC	92.7	115.6	101.9	111.5	45.1	21.9	34.3	47.7	76.8	45.4	32.2	22.3	67.5	8.6	12.3	23.6	45.5	30.9	9.7	52.9	41.4	5.36
Maryland Eastern Shore	MEAC	95.7	118.8	105.9	109	45.4	20	27.1	40.6	76.8	49.2	29.8	21	66.4	8.9	10.9	20.7	51.7	27.5	9.1	45.6	37	5.36
Canisius	MAAC	99.4	122.4	103.4	108.2	51.2	18.5	18.3	31.4	76.9	47.3	37.9	14.7	66.3	9.9	9.3	17.4	50.4	32.3	9.2	47.7	41.4	5.36
Chicago St.	NEC	92.3	116.6	104.9	108	44.4	18.5	22.6	36.9	77.1	47.7	34.8	17.5	65.2	8.9	9.9	19.5	49.5	31	8.6	48.5	40.9	5.36
Coppin St.	MEAC	87.6	112.6	106	110.3	43.8	21.4	26.3	37.6	76.8	52.7	25	22.3	67.9	13.1	11.3	19.4	50	30.7	10.1	51.1	32.5	5.36
Arkansas Pine Bluff	SWAC	95.5	121.7	101.4	110.2	50.3	20.4	26.3	40.5	77.1	54.5	29.4	16.2	64.4	9.2	12.7	20	45.8	34.2	7.7	52.2	37.9	5.36
Mississippi Valley St.	SWAC	83	125.3	104.3	107.8	42.1	24.3	22.7	38.4	76.1	55.4	25.2	19.4	69.3	10.5	14.5	18.4	51	30.6	9.8	41.7	30.6	5.36
